-wenn(DECKE,rund(a),(2.5))	=c008000000000000
max(atan(0.1<=1.),0)	=4046800000000000
7	=401c000000000000
(q<=wenn(LICHT,0.1,.5)<=(45+1e3))	E„)“ erwartet
GH	=40a64e0000000000
1	=3ff0000000000000
max(1.,-wenn(GH,.5,a),1e-3>7>2.5,GH)	E„)“ erwartet
(wenn(wenn((pi),LICHT!=0,100),--a,sin(a)<=DECKE))	=4008000000000000
90	=4056800000000000
atan2(wenn(sin(GH),-b,ab(1e3))<=1e3,atan2(a-b,GH+pi)+tan((a)))!=min(max(0.5==1e3^q,b,atan2(pi,-2),l))	Eunbekannter Name „q“
wenn(90,45,1e3)	=4046800000000000
wenn(rund(45 )LICHT!=GH!=7 (GH+wenn(l,0.1,GH)),sin(DECKE^1)-(0.1)+q*1.^0.1,max(-a--LICHT>=auf(DECKE),wurzel((1>=b)),max(b)==3^wenn(90,7,3)<1e-3>=1.,atan(-1>0)+(wenn(1,DECKE,1))))	E„)“ erwartet
rund(90)/-1<=2.5	=3ff0000000000000
-1	=bff0000000000000
q	Eunbekannter Name „q“
0.1==2.5	=0
wenn((2.5-tan(2.5)),a,0.5<min(wenn(90,0,LICHT),DECKE,b<=b))>=tan(-min(wenn(1,LICHT,q),GH>=DECKE,tan(GH)))	Eunbekannter Name „q“
(tan(sin(min(45,GH))))	=3f8946beeac82358
atan2(min(wenn(GH,-1,l),.5,(360)),rund(90) ,-7)	Eatan2() mit falscher Anzahl Werte
wurzel(sin(0.5!=b))	=3fc0e8e680fa6008
1e-3	=3f50624dd2f1a9fc
DECKE<90 a	E„a“ unerwartet
rund(wenn(pi,45,q))	Eunbekannter Name „q“
1e3 ,90!=GH<q==-LICHT<LICHT	E„,“ unerwartet
-.5>=sin(pi)+1e3/GH	=0
wurzel((max(LICHT,l,q,1e-3)))--LICHT==2>=1<=360+0.5	E„>=“ unerwartet
pi	=400921fb54442d18
LICHT/LICHT-GH^0.5 (abs(GH)-q	E„(“ unerwartet
-wenn(-q/100,wenn(90,l,7) ,-.5,360>=7<=pi)	E„)“ erwartet
(-1)	=bff0000000000000
2.5	=4004000000000000
max(l,GH)	=40a7700000000000
atan2(a>=1./-DECKE*atan2((l),DECKE),l)	=3f938e94d81fd9c1
DECKE	=406b800000000000
2.5^LICHT	EErgebnis ist keine Zahl
l	=40a7700000000000
(q)-45	Eunbekannter Name „q“
wurzel(0.1)	=3fd43d136248490f
3	=4008000000000000
min(GH,DECKE^90)!=abs((0))>=-atan2(45,pi)	E„>=“ unerwartet
max(b,GH,atan2((DECKE)/b,(wenn(GH,LICHT,3)))/atan(wenn(1.,1,b))>a)	ETeilung durch 0
2	=4000000000000000
LICHT	=40a4960000000000
q*LICHT	Eunbekannter Name „q“
-360*a!=LICHT>-LICHT>pi>=2.5	E„>“ unerwartet
max(b ,max(DECKE/1.),90+3<.5>(GH))	E„)“ erwartet
wenn((cos(GH)),2,wenn(.5,1*45,-7))	=4000000000000000
(1./wenn(45,2,2)<=tan(LICHT))	=0
wurzel(90^LICHT)/b^a	ETeilung durch 0
tan(360)	=bcb1a62633145c07
-max(min(LICHT/-1,wenn(360,2.5,2.5),2==1e-3))==0.5+wenn(q,(1.),-7)	Eunbekannter Name „q“
wenn(100,DECKE<=(90)*cos(3)!=rund(0 )LICHT),(1e3))	E„)“ erwartet
100-0.1>2.5	=3ff0000000000000
(-a+360+-0.5-max(DECKE,b))	=4061100000000000
min(b<DECKE )max(1.,7,1e3),(0)^q==pi,wenn(max(100,b),cos(LICHT),l!=0.1),cos((7)))	E„max“ unerwartet
1e3	=408f400000000000
45	=4046800000000000
atan((-1))*-0.5*1e-3!=a	=3ff0000000000000
DECKE+min(wurzel(0))+(wenn(100,GH,1e-3))>=--(-100)	=3ff0000000000000
auf(-1>=DECKE)	=0
360	=4076800000000000
(a)	=4008000000000000
atan(l==sin(b!=360))	=0
-0.1	=bfb999999999999a
rund(100)<min((2.5),l)<=b<pi>1e-3/90	E„<=“ unerwartet
wenn(wurzel(min(0,2.5,DECKE)),-45>=1,wenn(b<=l,LICHT,a<=DECKE))	=40a4960000000000
DECKE<=sin(q)==(1.)>=DECKE	E„==“ unerwartet
-wenn(100,max(LICHT,2),GH<1e3)	=c0a4960000000000
l+LICHT	=40b6030000000000
atan2((-wenn(360,GH,DECKE)),q)	Eunbekannter Name „q“
wenn(1e3/0.5,atan2(1.,-1),atan2(0.1,1)) ,360	E„,“ unerwartet
(LICHT)!=q*q/atan(LICHT/q)^((a)==(1e3))	Eunbekannter Name „q“
b	=0
-q	Eunbekannter Name „q“
wenn(atan2(0,pi),pi^q,l>=b)>=1.!=l^wenn(90,DECKE,l)	E„!=“ unerwartet
atan2(3,1e3)	=3fc600632d710690
l/(atan2(360!=b,DECKE))	=40c67fa04e820abc
ab(0.5)	=0
cos((1.>pi)+pi)<wenn(max(LICHT,atan2(pi+GH,atan2(GH,l)),45/0.5/(-1),2.5),1e-3,(90)==b )max(GH,1.,-1,0)<360)	E„max“ unerwartet
(-DECKE==2.5)*-1.+DECKE!=q	Eunbekannter Name „q“
((pi+pi-(pi) )3))	E„)“ erwartet
GH<=GH	=3ff0000000000000
a!=l	=3ff0000000000000
(max(-1e-3,-1,GH)/--0.5>=((abs(LICHT))))	=3ff0000000000000
pi==3	=0
l*2	=40b7700000000000
atan(max(2,-1,q,GH)<3/1e-3)-(l!=1./.5 ,1e3)-2.5	E„)“ erwartet
l (ab(1.)	Eunbekannte Funktion „l“
0	=0
-wenn(auf(45>.5>DECKE),max(360,max(a<=l,min(pi,pi,a,0.5),q<=0.1,auf(-1)),wenn((DECKE),wenn(b,l,1e-3),-1-l),GH),100)	E„)“ erwartet
wenn(0,1e3,l)	=40a7700000000000
0.1*max(1.,LICHT,cos(LICHT))	=4070780000000000
wenn(rund((0>=DECKE-wenn(q,7,0.5))),(-cos(1.))/pi,pi)	Eunbekannter Name „q“
l-1e-3	=40a76fff7ced9168
1e3>=atan2(LICHT,(1e3) )(1.)) (atan2(1==7+.5,((l)))<360>-1!=wenn(1.,GH,LICHT) a<=LICHT==GH	E„(“ unerwartet
(l) ,atan2(b<100,b+2)	E„,“ unerwartet
rund(1e3-a)	=408f280000000000
l>LICHT	=3ff0000000000000
cos(wenn(l-3 )tan(1.),b>=b<=360,-auf(0)))!=min(-wenn((1e3),b/2.5,(360)),cos(atan2(0.1,l))>=l)	Ewenn() mit falscher Anzahl Werte
auf(max(GH,DECKE,LICHT,45))	=40a64e0000000000
-(atan2(pi+0^GH-a,rund(l)-3--1))	=bf662af1d7852a62
wenn(-0.1+360!=max(LICHT)-0.1-0.1-l,-GH-.5>=(GH)>2.5,cos(-a/(b--1)))	E„)“ erwartet
min(LICHT>GH^100,l-2.5)	=0
-wenn(a,1e3!=GH<=(0.1),atan2(q^3,1e-3))==wenn(atan((l==GH)),(7 (0) (auf(cos(a)),-100/2/q<l)	E„)“ erwartet
wurzel(atan2(1 b,2))	E„)“ erwartet
wenn(0.1/q,-90,(100))!=-GH ,b	E„,“ unerwartet
LICHT!=b>=wenn(7,-1,LICHT)	E„>=“ unerwartet
0.1<l^auf(1)	=3ff0000000000000
(-b)	=8000000000000000
atan(-1)	=c046800000000000
wurzel(LICHT)	=4049aa8733fdaa1f
DECKE>=cos(100)	=3ff0000000000000
wenn(l<-1e-3,wenn(-360<q,0.5,atan2(1./pi,2/0.1)),DECKE)	Eunbekannter Name „q“
wenn(wurzel(DECKE),atan2((pi),3),min(ab(1e-3),-0,(7),GH!=DECKE))<=(atan2(DECKE,DECKE))!=a	E„!=“ unerwartet
b ,b	E„,“ unerwartet
wenn(360,b,2.5)==0.5	=0
min(wenn(q,100,7),ab(a),1e3*l)	Eunbekannter Name „q“
max(max(0,b),0.1>1e-3) abs(-0.1)>q	E„abs“ unerwartet
min(max(GH,-1))^-a*-1/3/atan2(7,GH (45)>=max(100>=q,max(1e3,1e3,-1),2,DECKE+b)+-1<wenn(-min(pi,l,0.1,0.5),min(1.,1,45)-1e3,wenn(pi<3,DECKE,0))	Eunbekannte Funktion „GH“
max(.5,pi)	=400921fb54442d18
wenn(-2.5,1e3,(q))<sin(1.*pi)	Eunbekannter Name „q“
(-1)<l (360>=1e3+360!=(b)	Eunbekannte Funktion „l“
(q) )(1e-3)!=(45)>(min(1.,0.1-a,-2.5))<=pi	E„)“ unerwartet
(0.1)	=3fb999999999999a
LICHT<0.5==(0.5)	E„==“ unerwartet
-1<pi+pi<=1+0.5>=7<=1e3	E„<=“ unerwartet
-b	=8000000000000000
min(q,b)	Eunbekannter Name „q“
abs((cos(GH)))-q<wenn((2.5),atan2(2.5,0.5),(1e-3))	Eunbekannter Name „q“
(l)	=40a7700000000000
45==a-atan2(pi,90)	=0
(atan2(l!=max(-1,a)*(1./0.5),(100>=0.1==GH)))	E„)“ erwartet
wenn(wenn(pi,.5,q),ab(-1),q)/wenn(LICHT,0,auf(2))	Eunbekannter Name „q“
((-1))*wurzel(1. ,1e3)	Ewurzel() mit falscher Anzahl Werte
-LICHT^-LICHT<=cos(DECKE)-atan2(auf(atan2(45,2.5)),-1==abs(0.1))	=0
abs(3)	=4008000000000000
(tan(1e3))	=c016af648056a115
atan2(pi+DECKE,(.5))!=wurzel(-l)	=0
a	=4008000000000000
tan(-360)	=3cb1a62633145c07
abs(min(LICHT,wenn(1.,3,0),wenn(1,GH,2),(GH)))	=4008000000000000
--DECKE<=pi-(0)>3<=0.5>(atan2(1e3<3,1e-3 (90))	E„>“ unerwartet
wenn(DECKE!=100,1.==360,DECKE ,.5)-b>-1	Ewenn() mit falscher Anzahl Werte
GH )2.5	E„)“ unerwartet
tan(max(b))	=0
ab(atan2(0.1,pi))	=3ff0000000000000
(auf((100/GH)==(atan2(0.1,100))))	=0
atan(wenn(b,rund(GH<100),wenn(0 ,q,(LICHT),-a)))	Ewenn() mit falscher Anzahl Werte
1e-3/b-GH>=pi+-1<=-1.	E„<=“ unerwartet
l==100>2.5	E„>“ unerwartet
atan2(b/3,1!=GH)>=max(a,q,pi)<=0.1+1	E„<=“ unerwartet
(2-DECKE)	=c06b400000000000
pi-atan2(LICHT<=a,7==b)	=400921fb54442d18
(DECKE)/0.5+DECKE==DECKE<2	E„<“ unerwartet
(wenn(a,0.1!=b,l<q))	Eunbekannter Name „q“
-atan(-1)	=4046800000000000
atan2(0.5^l>=.5,360)<=pi	=3ff0000000000000
7<=GH	=3ff0000000000000
a/-DECKE	=bf8bed61bed61bed
(b)>0.5<=atan(90==0.1)*q!=2.5<wurzel(1e-3)	E„<=“ unerwartet
-l	=c0a7700000000000
90==b	=0
100	=4059000000000000
-1e-3!=pi	=3ff0000000000000
tan((sin(atan2(100,a))))	=3f91ddaeb3a227ee
100^45^q	Eunbekannter Name „q“
0+1e-3^360*2	=0
0.1<(-DECKE ,2.5)	E„)“ erwartet
max(a>-1e-3-pi,(-a),abs(360==b)>(2.5)^q,-b)	Eunbekannter Name „q“
wenn((-ab(DECKE)),(sin(q)),abs(360+q+a 0.5))	E„)“ erwartet
abs(2^a)<(atan(a))	=3ff0000000000000
-min(b,GH,a)>=cos(3)>=atan2(0.1,7)+1e-3	E„>=“ unerwartet
min(7,(tan(1))<atan2((1e3),-1),pi,GH)	=3ff0000000000000
sin((wenn(b,q,l)))	Eunbekannter Name „q“
sin(atan(sin(q)))	Eunbekannter Name „q“
q-abs(l)	Eunbekannter Name „q“
(2)	=4000000000000000
wenn(GH,min(a),3)	=4008000000000000
-(360/DECKE)	=bffa2e8ba2e8ba2f
(max(b-0.1)+DECKE)	=406b7ccccccccccd
wenn(1>-q>=pi/tan(.5),atan2(wenn((1.),GH,1),(pi/ab(0.5))),b)	E„)“ erwartet
sin(b*GH)>-1<pi-wenn(.5,90,-0.5)	E„<“ unerwartet
q>=1.	Eunbekannter Name „q“
abs(wenn(pi,l,a)/-q)	Eunbekannter Name „q“
wenn(7,45,1e-3)	=4046800000000000
(atan2(1e3,DECKE))	=405365ecdad741e1
rund(ab(wenn(2,3,.5)))	=4008000000000000
min(-DECKE==atan2(1,45))	=0
(wenn((pi),2,wenn(45,(l),1)>=ab(1e3)/cos(a)))	=4000000000000000
pi/0.1	=403f6a7a2955385e
.5==7<-1*wurzel(sin(1.))	E„<“ unerwartet
(LICHT!=.5)	=3ff0000000000000
-min(min(1e3)==ab(1.))>pi	=0
-atan2(1e3*1e3,pi!=pi)	=c056800000000000
-100	=c059000000000000
wenn(a ,90,0.5!=pi,90)<=0.5-abs(0.5)	Ewenn() mit falscher Anzahl Werte
1!=(DECKE)	=3ff0000000000000
wenn(-b<LICHT,l,DECKE)	=40a7700000000000
-1e-3*1e-3!=b 2.5==100<=max(atan2(1.>3,GH))-LICHT	E„2.5“ unerwartet
1e-3*2.5	=3f647ae147ae147b
1. (q	E„(“ unerwartet
-1e-3	=bf50624dd2f1a9fc
ab(ab(45>2))	=3ff0000000000000
(sin(45 )90)-(tan(GH)>atan2(GH,360)))	E„)“ erwartet
1.	=3ff0000000000000
1 )q-min(7,2)	E„)“ unerwartet
45==q	Eunbekannter Name „q“
rund(1e-3)	=0
DECKE+q	Eunbekannter Name „q“
0.5==a	=0
GH-2.5	=40a6490000000000
(2.5)	=4004000000000000
(100)	=4059000000000000
45/pi==max(DECKE,100)-tan(b>.5)<wenn(45,LICHT,b)/auf(360)-b	E„<“ unerwartet
max(2.5,a^7>=0.1>=90,wenn(wenn(100,LICHT,GH),-b,360),atan2(l,wenn(b,7,360)))	E„)“ erwartet
0.5	=3fe0000000000000
-7<(pi)^cos(0*3)	=3ff0000000000000
-90<2==1e3	E„==“ unerwartet
rund(1e-3+1)	=3ff0000000000000
wenn((b),100 wurzel(-pi),(1e3))	E„)“ erwartet
abs(rund(.5/0)/100==0.5!=max(a,l,GH,l))	E„)“ erwartet
rund(DECKE)<pi*90!=7!=-1<=(wenn(GH+DECKE,b (GH,GH))	E„!=“ unerwartet
wenn(-1,1e3,1.)	=408f400000000000
atan2(0.5,360)>max(7,LICHT,1.,1e-3)	=0
(0.5)	=3fe0000000000000
max((atan2(q,GH)+(LICHT)-max(2.5>b,cos(pi),LICHT^b,atan2(1e-3,1e3))),atan2((tan(45)<=(1.)),-1>rund(-1)),-b)	Eunbekannter Name „q“
-a^DECKE	=d5b9d807cb6dadd6
pi>-DECKE==pi	E„==“ unerwartet
GH<=q*a ,3	E„,“ unerwartet
auf(cos(-1e-3 2))	E„)“ erwartet
-GH	=c0a64e0000000000
abs(b!=0)	=0
.5	=3fe0000000000000
atan2(-a,wurzel(-DECKE/min(pi,a,100,0.1)-atan2(0.1,b)-min(1,1.,3)))	EErgebnis ist keine Zahl
45/abs(GH-1e-3)	=3f9023de4c0422c5
wenn(-l,sin(DECKE),b!=1e3)	=bfe491b7523c161c
(auf(7))/1.	=401c000000000000
wenn(atan(-tan(LICHT)>2),tan(2>=0.1),GH)	=3f91dfbd9410a422
pi*360!=.5>=q	E„>=“ unerwartet
LICHT>q	Eunbekannter Name „q“
-(7)>=-q )1e-3<wenn((360),---1 (q,(auf(0.5)==wurzel(3)))	E„)“ unerwartet
wenn(LICHT,wenn(3,45,min(l==GH,abs(DECKE),wenn(360,DECKE,100),wenn(DECKE,b,0.1))),45)	=4046800000000000
wenn(wenn(GH,2.5,-1),pi<=90,a)!=l<-q	E„<“ unerwartet
-wenn(l,DECKE,pi)^a==(max(pi,GH,DECKE,1e3)<45>1e3)	E„)“ erwartet
wenn(-(pi),1e-3-pi,((.5)))	=c0091fef0a89cee3
b==0	=3ff0000000000000
-wenn(wurzel(cos(1.)),tan(atan2(1e3,45)),atan2(2.5,DECKE)>1.+360)	=c03638e38e38e39c
(l)<2-b	=0
-atan2((3)>=q,(b)<=0!=pi)	E„)“ erwartet
-1+90	=4056400000000000
(360>=pi^0.1>DECKE==LICHT<=b)	E„)“ erwartet
atan2(tan(auf(0.1)),wurzel(1.))	=3ff0000000000000
-l*3	=c0c1940000000000
360==(a)	=0
(DECKE)	=406b800000000000
cos(0<=(7!=-GH))	=3feffec097f5af8a
wurzel(100)	=4024000000000000
-(0.5<DECKE)	=bff0000000000000
wenn(-l>=LICHT+90,max(l<1e-3,-0.1,max(GH),2.5),LICHT)	=40a4960000000000
(1e3)	=408f400000000000
wenn((1e-3),a (2.5,q^100)	Eunbekannte Funktion „a“
tan(LICHT (-1<0.1<=DECKE)/atan2((2.5),0.5) )a	Eunbekannte Funktion „LICHT“
max(wenn(DECKE,1e3,LICHT) ,(a)-(-100)!=q,wenn(b,-(7)^(a),0),sin(rund(DECKE)))	Eunbekannter Name „q“
tan(wenn((7>0.1),1e-3>=wurzel(b),(DECKE+1e3)))	=3f91dfbd9410a422
0>-DECKE*GH/90==l<=90!=GH==l>=l!=DECKE<=(min(LICHT,-1,45))	E„==“ unerwartet
wenn(45,sin(a)+l,wenn(wenn(q,0,LICHT),0.1==b,45>=a))	Eunbekannter Name „q“
-wenn(GH,pi,min(1.))==GH	=0
(1e-3^l+a+l)	=40a7760000000000
min(1e3==1,min(l,min(wurzel(-1^a)),7))	EErgebnis ist keine Zahl
l>=b<.5/90	E„<“ unerwartet
-DECKE	=c06b800000000000
(DECKE+LICHT^1e3)	EErgebnis ist keine Zahl
rund(0.1)	=0
(-LICHT)	=c0a4960000000000
(wurzel(l)<=1.==b)	E„)“ erwartet
wenn(1e-3,100,l)	=4059000000000000
(2)^100>=DECKE<=-b 0	E„<=“ unerwartet
2.5+2==DECKE	=0
tan(GH)	=bfddd7fc13699aaa
GH^auf(0.1<=a)<wenn(1e3*2.5,0.1>b,a>=b)	=0
max((wenn(1e3<360,max(a),rund(q))),sin(1e3),(2+0.1==GH^0.1),min(cos(GH)*min(q,pi,100,LICHT),a*rund(q),1.+2<=a,wenn(LICHT,1,b)/2.5<=DECKE))	Eunbekannter Name „q“
atan2(min(-1==1e3,l>=GH),(.5))	=0
rund(pi)	=4008000000000000
45<=a==q<=3	E„==“ unerwartet
-pi	=c00921fb54442d18
(tan(sin(0.1)*LICHT!=GH)<(100))	=3ff0000000000000
LICHT>100	=3ff0000000000000
-(-3)	=4008000000000000
abs(DECKE)	=406b800000000000
7-a	=4010000000000000
atan2(atan2(1e-3^l,0.5),min(wurzel(0),100*q,wenn(1,a,-1)))	Eunbekannter Name „q“
atan2(wenn(3,LICHT,2.5),-90)^DECKE/wenn(min(atan(90)),wenn(a*b,GH,b+2.5),((a)))	EErgebnis ist keine Zahl
100!=1e-3!=GH==-1<(0.5<0)-max(-a,wenn(45==DECKE,-1,1),(pi),-DECKE-90)	E„!=“ unerwartet
b!=l==LICHT	E„==“ unerwartet
pi*q/-0.1	Eunbekannter Name „q“
atan2(min(2,b),q<=a)	Eunbekannter Name „q“
atan2(GH (1.<=0>1,ab((360)))	Eunbekannte Funktion „GH“
-3	=c008000000000000
wenn(.5,100,pi)==45>tan(-1)*pi<=wenn(rund(atan2(b==b,7)),-(1e3)*wenn(3,LICHT,DECKE),1e-3*1e3<max(90,90,pi,7))	E„>“ unerwartet
2.5+pi+(100)	=405a690fdaa22169
min(ab(abs(90+0)),(atan2(-1,a))>cos(-LICHT),wurzel(min(max(GH,l),atan2(100,a),GH+pi,auf(-1))),(GH==2.5)<a)	EErgebnis ist keine Zahl
(wurzel((wenn(3,360,q)))-sin(a))	Eunbekannter Name „q“
atan2(a,auf(LICHT>=pi)<(100) )(GH))	E„(“ unerwartet
(GH)	=40a64e0000000000
(sin(DECKE)+b ,b)	E„)“ erwartet
LICHT<=0 pi^max(7<b,LICHT>GH,wenn(1e3,pi,LICHT))/max(b)>=90!=90!=LICHT	E„pi“ unerwartet
-wenn(a,b,1)<=b+min(LICHT,0.1)+atan2(DECKE,45)>=-LICHT==(GH) )max(GH,wenn(q,-1,1))	E„>=“ unerwartet
90 )DECKE	E„)“ unerwartet
atan2(90-pi,LICHT )auf(auf(GH)+-1))	E„auf“ unerwartet
min(pi,atan(ab(0)),min(-1e3,l,(-1)))	=c08f400000000000
(DECKE^b>2.5==LICHT^b-360)	E„)“ erwartet
2.5<=0.1+wenn(--1-1e-3,1e-3,--1^45)+(2.5)	=3ff0000000000000
cos(2.5*LICHT/.5)	=bfea367e59158714
atan2(max(GH,a,l),7<=b)==(b)	=0
(a)<wenn(100>=LICHT,90,atan(1.)/b>2.5)	ETeilung durch 0
wenn(0,atan2((7)/pi<-1,(wurzel(360))),sin(l<90)^-rund(1.))	EErgebnis ist keine Zahl
max(a,0,l,DECKE)	=40a7700000000000
1e-3>GH<GH	E„<“ unerwartet
(max(q>=2.5,0.1*0.5))	Eunbekannter Name „q“
min(wenn(atan((a))==DECKE>45>=100,wenn((GH)*3+1e-3,3!=a<.5,pi),cos(max(45>pi))),cos(90^LICHT)^pi>=GH)	E„)“ erwartet
cos(360)/-0.5!=min(atan2(100,LICHT))	=3ff0000000000000
-3*0	=8000000000000000
(45)	=4046800000000000
sin(0)	=0
0.1	=3fb999999999999a
(.5<a)	=3ff0000000000000
atan2(360,q)	Eunbekannter Name „q“
(LICHT)	=40a4960000000000
-1e3	=c08f400000000000
wenn(cos(90),auf(0>=a)^wenn(2==pi,DECKE*2.5,(0.1))>=1e3,abs(2)!=.5)	=0
2^0.5/1-a*1e-3	=3ff69454ac21068e
sin(100<q)	Eunbekannter Name „q“
wenn(pi,l,a)^atan(1)	=606b8af7769966b2
7>GH!=pi!=DECKE	E„!=“ unerwartet
max(wurzel(rund(a))) )atan2(wenn(q,pi,0.5),q==pi)*wenn(wenn(-1,1e3,a),7<90,(DECKE))	E„)“ unerwartet
GH+wenn(l,a,b) 90	E„90“ unerwartet
2.5^GH	EErgebnis ist keine Zahl
atan2(1*.5,cos(a))/0	ETeilung durch 0
90*b<=min(-1,DECKE,-45,a>7)	=0
-DECKE<=(min((l)))	=3ff0000000000000
1e3<=0.1	=0
atan2(b+-1,l)/(l<=2.5)	ETeilung durch 0
atan(LICHT^1e-3 ,q!=1)	Eatan() mit falscher Anzahl Werte
1e-3 ,b==(DECKE)>pi==100*90	E„,“ unerwartet
-wenn(l,a,360)>=2>q	E„>“ unerwartet
wenn(LICHT==3==0,(b-2.5),a-l<45)	E„)“ erwartet
(b<--1)	=3ff0000000000000
atan2(360,DECKE)	=404d4903fe726428
(q*1.)	Eunbekannter Name „q“
wurzel(b/pi==GH^q)	Eunbekannter Name „q“
-min(360,min(-GH>=atan2(GH,1),wurzel((GH)),-max(b,1.,GH),-q>1-a),wenn(0.5,wurzel(100^1),abs(l)),atan2(-2.5,LICHT/q) )wenn(0,(0.5),wenn(b,pi,LICHT)))	E„wenn“ unerwartet
b<max(1e3!=0,wenn(100,DECKE,pi),-1e-3)*(1e-3)>=(b)	E„>=“ unerwartet
abs(rund(100!=0^1e-3==l))^atan2(l>2<=45>=b<=(pi),0.5)	E„)“ erwartet
wurzel(ab(1))	=3ff0000000000000
wurzel(7)	=40052a7fa9d2f8ea
min(GH*pi-DECKE!=pi)	=3ff0000000000000
-q!=pi*360/((2))==min(q>360,b==2.5,1>=q)==((q))*auf(atan2(-1,pi))^2.5	E„==“ unerwartet
wenn(2,atan2((7),1e-3+LICHT),l)	=3fc37b91530303df
(LICHT==2.5)	=0
atan2(ab(l),min(3,a,1))+.5>DECKE/DECKE	=3ff0000000000000
-a ,wenn(-2.5,min(1e-3<=-1/atan2(100,LICHT),cos(DECKE^2),GH,DECKE),1^l)	E„,“ unerwartet
cos(2)	=3feffb0278bf0567
abs(l^DECKE<1)	=0
1<atan2(q,90)^100!=l!=1.	E„!=“ unerwartet
auf(b>=(7))	=0
min((1e3>=1),90,2 (0.5!=LICHT!=3,wenn(pi,GH,2.5)/(1.))	E„)“ erwartet
wenn(2.5,(GH==1)/2.5*-1==0.5<0.1,max(1.>q,0)!=auf(l ,q))	E„)“ erwartet
wenn(-LICHT,(360>pi<1.>.5),90)^(-a<l)!=-max(wenn(a,l,0),b-45)	E„)“ erwartet
90^1e3	EErgebnis ist keine Zahl
min(DECKE,0,100)	=0
b>DECKE	=0
wenn(atan2(7,a),-45,b>2)	=c046800000000000
atan2((pi+90>=0.1/360*3*100),rund(1/atan2(2,GH)))	=4002532b5ba82c57
(wenn(.5,a+LICHT,0.5<=a))^-l	=0
tan(wurzel((GH)))	=3ff591bfc404e1a8
tan(min(90>b,min(pi,a),1^b,-b)) )abs(3^a/0.1<=1e3)==-1.*pi+wenn((3),q,atan2(100,1e3))+a	E„)“ unerwartet
DECKE>=q	Eunbekannter Name „q“
atan2(max(3,pi,90),1)	=405657420d049929
1e-3==-1e-3	=0
3/0.1	=403e000000000000
atan2(1e-3,-DECKE)	=40667ffdddd3d47b
rund(2)	=4000000000000000
abs(0.5)	=3fe0000000000000
auf((abs(q) )DECKE>=100))	E„)“ erwartet
(max(GH,LICHT,tan(2+DECKE),max(1,q,360,a)/tan(pi)))<wenn(1,(45),(atan2((GH),atan2(a,1))))	Eunbekannter Name „q“
100+q	Eunbekannter Name „q“
1.+1e3^(-atan2((1),pi<=0))	=3ff0000000000000
cos(-l)	=bfdfffffffffffbb
1.^-1<=0.1	=0
sin(q<=LICHT)	Eunbekannter Name „q“
auf(DECKE^a>=-a^min(7,DECKE,q+q,-360)==1e-3)	E„)“ erwartet
wenn(rund(atan(GH)) )max(a!=90,LICHT+GH,b/b),3-b,GH^(max(100,-1)))<(a*auf(.5!=a))	Ewenn() mit falscher Anzahl Werte
-1e3 atan2(b,l)==DECKE<b>=-b<2.5	E„atan2“ unerwartet
max(.5)	=3fe0000000000000
sin(GH)*0-0.1	=bfb999999999999a
max(2<1e-3,cos(pi))	=3feff3b04b7a106f
abs(0.1<=a)	=3ff0000000000000
wenn(-1,pi,.5 -pi==l)<q!=45<q*wenn((360),1e-3,2)!=(0.5)/90<0.1>=-100	E„!=“ unerwartet
(wenn(0.1+2.5,360,atan2(a,2.5))<=(2.5))	=0
b==-LICHT^2.5 )1e-3 )100	E„)“ unerwartet
l>=atan(0.5)	=3ff0000000000000
wenn(3,auf(1e3),atan2(l,1.))	=408f400000000000
2>=0.1	=3ff0000000000000
max(GH*pi ((DECKE),auf(1e-3)^(1e3),min(pi,1e3)>DECKE)	Eunbekannte Funktion „pi“
-1>wenn(360,0,LICHT)	=0
max(l,cos(wenn(LICHT,a,7)),sin(360<=-1),1e3)<1 ,l*wenn(LICHT,360,90)>=min((l),cos(0),q)	E„,“ unerwartet
max(7,360)	=4076800000000000
max(wenn(b,45,auf(3)),90,b)	=4056800000000000
DECKE/7<max(7,DECKE,b,1e3)	=3ff0000000000000
wenn(wenn(tan(b),l/l,(LICHT)),1.,2.5==l<b)	E„)“ erwartet
-90>=atan2(a,a)!=1	E„!=“ unerwartet
atan2(-b,1e3)	=8000000000000000
a*b	=0
-0.1+q<atan2(-1,1e3==100)-atan2(45,GH)/2.5 )-1!=1^DECKE>GH	E„)“ unerwartet
auf(---pi )max(a)<-b>-3)	E„max“ unerwartet
-wenn(GH,b,100)	=8000000000000000
wurzel(pi)	=3ffc5bf891b4ef6a
-(rund(-1e-3))--rund(-2.5)	=c000000000000000
l pi^pi>=b	E„pi“ unerwartet
(-min(0<=0.5,atan(LICHT),wenn(0,a,GH),2.5-0)<auf(360))	=3ff0000000000000
atan(wenn(2,l,LICHT)/1e3)!=.5	=3ff0000000000000
1e-3 ,90	E„,“ unerwartet
max(100)	=4059000000000000
wenn(b,DECKE-l<wenn(a,wenn(100,GH,1),min(.5,DECKE,pi,q)),cos(3))	Eunbekannter Name „q“
(min(0,atan2(a,3),a>=max(b>DECKE),atan(-(l))))	=c0567ec716b27e02
b>=pi	=0
(-DECKE<wurzel(1))	=3ff0000000000000
min(b-a,(45),(0.1))	=c008000000000000
ab((-0.5>b*min(3)))	=0
rund((pi))	=4008000000000000
0.1/-1+(b)/90	=bfb999999999999a
max(pi!=2.5,0-1.,3)+(max(a,2.5,.5))-atan2(pi,DECKE)*100 (90>=DECKE	E„(“ unerwartet
wenn(.5,2,0.1)	=4000000000000000
GH ,atan2(1e3,0)	E„,“ unerwartet
max(pi,0.1>=b)	=400921fb54442d18
((-b-DECKE*b))	=8000000000000000
b ,pi	E„,“ unerwartet
-360*7==q	Eunbekannter Name „q“
((--1))	=3ff0000000000000
-7>q	Eunbekannter Name „q“
-(0.5)<=DECKE<atan2(atan(auf(0.1)),min(2,1)>=DECKE!=q)	E„<“ unerwartet
atan2(pi,7)	=40382ba56cd874f2
(100>7<=b)>(LICHT>-l)	E„)“ erwartet
tan(sin(7)!=l)	=3f91dfbd9410a422
tan(a)<=b	=0
wenn(tan(1.),ab(min((LICHT))),sin(1<=(auf(a))))	=40a4960000000000
sin(2.5)==-1-b-1>=(a+1e-3)/abs(atan2(GH>q,.5<1e3)>=pi)	E„>=“ unerwartet
a==a==0.1	E„==“ unerwartet
wenn(min(a==GH,cos(.5),(pi)),tan(max(LICHT)),min(90,0,l,l)^0.5>=7)>=tan(DECKE>=(45))	=0
100>=90	=3ff0000000000000
atan2(q,90)>=wenn(0.5,2.5,1)	Eunbekannter Name „q“
-sin(atan2(LICHT,q)>=-wurzel(b))	Eunbekannter Name „q“
max(GH/LICHT>b,(3)<=auf(1e3),ab(GH)>=-a,ab(2.5)==min(a,a,100))	=3ff0000000000000
max(atan2(max(GH),100),-1,-atan2(7,(0.5)),0)	=4055ff9d1597db8a
l>=0.1/(0.5)	=3ff0000000000000
atan2(2.5,-(1e-3))<(ab(LICHT pi)) tan(wenn((1e-3),0.1-a,(a))<360)	E„)“ erwartet
b )wenn(1.^l/-a,pi>=pi==1e-3,wenn(90==q,(1e-3),3-100))	E„)“ unerwartet
-pi ((0.1/0.5)<GH	Eunbekannte Funktion „pi“
DECKE+(GH)	=40a8060000000000
(100==rund(pi)<wenn(0.5,3,q)/0 (pi==l ,0.1)	E„)“ erwartet
(wenn(1,1e-3,l)>=90<=0.5)-atan2(max(LICHT),GH)*pi	E„)“ erwartet
ab(((-2.5)+atan2(DECKE^GH,GH)))	=4055c00000000000
1e3-q>360*atan2(wenn(1,a,90),tan(3))^-0.1>2*cos(LICHT)+(atan(ab(1.<0)))	E„>“ unerwartet
atan2(-LICHT*45 q>=GH,abs(90))	E„)“ erwartet
tan(atan(b)<=(LICHT))	=3f91dfbd9410a422
-q+a>=-1*45<2.5	E„<“ unerwartet
(0)^(45==LICHT -0)==b	=0
-.5	=bfe0000000000000
(sin(b))>l/(sin(q<45))	Eunbekannter Name „q“
GH>=-7<=GH	E„<=“ unerwartet
cos(-q)-sin(l)/max(2.5^0.5,45==1.^atan2(360,1)) (ab(-1)	E„(“ unerwartet
atan2(GH,2)	=40567d6e649ffcb4
-100-GH+90<=q^-wurzel(GH)	Eunbekannter Name „q“
min(atan2(360 )max(l,-1,DECKE),pi==max(7,a)) )auf(max(l<=GH,LICHT/3,0.5)),atan2(ab(l),(2)+GH==l-((0.1))),(wurzel(q)+ab(1))+auf(LICHT>0.5))	Eatan2() mit falscher Anzahl Werte
-LICHT<DECKE	=3ff0000000000000
(wenn(1e3,DECKE,pi))	=406b800000000000
tan((2.5))	=3fa65aba23cf256d
1-100	=c058c00000000000
atan2(max((l)),l)	=4046800000000000
LICHT .5	E„0.5“ unerwartet
-max(0.1,--45*q>l/7,--1.!=max(3,0))	Eunbekannter Name „q“
rund((1e3) )l)	E„l“ unerwartet
wenn(2.5+2,GH,-b)<=pi	=0
wenn(a,360,DECKE)	=4076800000000000
-q^b>=pi	Eunbekannter Name „q“
max(wenn(-GH*pi,(0.1)>=45,45) (-min(DECKE,l)-GH,-(1e3))	E„)“ erwartet
2<=7/-GH	=0
-LICHT	=c0a4960000000000
atan(cos((atan2(90,7))/-1e-3^2.5))	=402a241d3b149a37
a<=1	=0
a*0.1	=3fd3333333333334
ab(abs(min(wenn(l,2,1.),0.1,pi,max(2,1e3))))^atan2((DECKE),min(-1==90/GH,b*LICHT*l>=90))	=0
wenn(a,1e3,-1)	=408f400000000000
max(wenn(ab(2.5!=.5),DECKE>=3*LICHT>=360,a))==b	E„)“ erwartet
-1-1	=c000000000000000
wenn(2.5,1e3/GH,abs(pi))	=3fd66ab43b2e2dbb
l+0.1	=40a7703333333333
90<sin(1e-3)+DECKE	=3ff0000000000000
b==DECKE	=0
atan(-pi^3)/wurzel(-abs(1.))	EErgebnis ist keine Zahl
b*a+2<=1e3/2<=auf(LICHT)	E„<=“ unerwartet
90-1.	=4056400000000000
abs(q)	Eunbekannter Name „q“
atan2(-a>-b+0/-1,-sin(360))	=0
wurzel(wenn(45<q,-1e-3,wenn(2.5,DECKE,DECKE)))	Eunbekannter Name „q“
3^sin(2.5)	=3ff0c910094b3c98
360-b/7	=4076800000000000
wenn(wenn(45,b>=wenn(360*q,DECKE/0.1,atan2(100,2)),b),7<=90,GH)	Eunbekannter Name „q“
sin(sin(1e3==1e3))	=3f33f65f69e2ef31
cos(wurzel(q))+(-LICHT)	Eunbekannter Name „q“
min(ab(1.),sin(100),abs(7),-1e-3)	=bf50624dd2f1a9fc
atan2(.5,-b)/atan2(-100,(l))	=c04792175c794890
b<=.5^q*q<=-1 ((.5*LICHT*1e-3) )b	E„<=“ unerwartet
100 )0.1<=wenn(wenn(LICHT^LICHT*l,-max(1,.5,7,3),sin(1e3)),tan(wurzel(rund(pi))),(a<=LICHT) (wurzel(q)^atan2(a,DECKE))	E„)“ unerwartet
-0.5>=l<GH!=abs(-1e-3^wenn(1.,a,0.1))	E„<“ unerwartet
rund(max(wurzel(a),wenn(GH,LICHT,a))*1e-3==a)	=0
1e-3>=q	Eunbekannter Name „q“
b (l ((0.5)*1	Eunbekannte Funktion „b“
-atan2(wenn(3,1.,q)>atan2(DECKE,45),wurzel(GH))	Eunbekannter Name „q“
LICHT-a	=40a4900000000000
atan((-90)*wenn(90*GH,-LICHT,1e3)) (atan2(max(0.5,min(l,q,pi,q),1*DECKE,GH>l)<=b-q/2,90)	E„(“ unerwartet
(min(q,a,a))	Eunbekannter Name „q“
wenn(b-3>=90-atan(pi)/-atan((0.5)),cos(cos(min(min(2,q,0),wenn(1,q,0.5)))),LICHT>auf(1)/100/tan(q)^rund(DECKE) ,wurzel(-1)/atan2(2.5,pi))	Ewenn() mit falscher Anzahl Werte
(atan2(-DECKE^(100!=1.),q))	Eunbekannter Name „q“
b-7	=c01c000000000000
q^DECKE	Eunbekannter Name „q“
max(l/q*LICHT )1!=wenn((l),LICHT,360),tan(2.5))	E„1“ unerwartet
ab(wenn(0.1>=l,(45),GH>=LICHT))	=3ff0000000000000
1e-3>(-2.5<=1e-3)	=0
(wenn(1e-3/DECKE,wurzel(b),tan(l)))	=0
l (90	Eunbekannte Funktion „l“
LICHT>1e3	=3ff0000000000000
360/(ab(LICHT))*(-(2))	=bfd17cd7ae64117d
pi==.5^90	=0
45>atan2(auf(l+GH),2)	=0
wenn(a,LICHT,q)+a ,pi^--0.5>=atan2((1e3),(1e-3))	E„,“ unerwartet
min(wenn(a,LICHT-2*GH,1<=-1<DECKE),max(1e3,1e3,q)>l-1e3,atan2(wenn(2.5>DECKE,wenn(a,pi,GH),abs(l)),-1))	E„)“ erwartet
a<360<=q	E„<=“ unerwartet
(a)>=(q)	Eunbekannter Name „q“
rund(b)	=0
100*DECKE	=40d57c0000000000
.5/.5^max(1e-3)	=3fe002d711c79a96
(q)	Eunbekannter Name „q“
wenn(45>=-1,LICHT,0.1-360)	=40a4960000000000
max(0.1,7,1*45,-1)+max(a)	=4048000000000000
(max(wenn(GH,0.5,l)/-3,atan2(l,GH)>=45+pi,wenn(pi,1,b)*-DECKE))	=0
100*(45)-a!=.5	=3ff0000000000000
wenn(2.5,1.,0)/3+GH/q^b>-DECKE	Eunbekannter Name „q“
-rund(q/360)*90	Eunbekannter Name „q“
rund(DECKE)>(GH)	=0
wenn(LICHT,wenn(LICHT,.5,--45),0)==q	Eunbekannter Name „q“
(-atan((rund(LICHT))))	=c0567e9bbe848d08
wurzel(GH)<auf(DECKE)	=3ff0000000000000
-atan2((1e-3)*GH^1>=-pi==GH,DECKE)	E„)“ erwartet
tan(pi)>-b<=DECKE<=1.	E„<=“ unerwartet
45/.5	=4056800000000000
-max(rund(0.5)>=0^GH,(90)*7>GH)	=bff0000000000000
auf(tan((min(1,1.)>min(1.,a))))	=0
-b>pi<=0.5>=b	E„<=“ unerwartet
7 )-1>100<=b/LICHT ((l)	E„)“ unerwartet
rund(ab(0.1/q>=atan2(a,q)))	Eunbekannter Name „q“
(360)	=4076800000000000
pi>=b	=3ff0000000000000
-360	=c076800000000000
auf(ab(auf(GH)))	=40a64e0000000000
atan2((GH)+b,atan2(.5,a)!=max(0,l))	=40567eb7324d5994
2>=b	=3ff0000000000000
pi ,360	E„,“ unerwartet
DECKE!=-360	=3ff0000000000000
-1*(1e-3==LICHT)>=0.5*((LICHT))-atan2((-100),1e-3/q/pi)	Eunbekannter Name „q“
(atan2((1e-3),1.))	=3fad55deb25c05c6
wurzel(tan(0.5))	=3fb7ea39080e4e44
3<360	=3ff0000000000000
wenn(GH,-0.5>=100!=max(-LICHT,360<GH),a)	E„)“ erwartet
-rund(-l)	=40a7700000000000
l^1.>0.5	=3ff0000000000000
GH/q	Eunbekannter Name „q“
-tan(GH<=1.)<b*pi	=0
1e3/360	=400638e38e38e38e
wenn(GH<=90,-.5,-l)	=c0a7700000000000
atan2(max(1.),pi-l)	=40667f63615c92b6
atan2(abs(l ,l)/l ,DECKE<LICHT,GH)	Eabs() mit falscher Anzahl Werte
max(a,2.5/45==(LICHT)==360==-q,tan((pi)))	E„)“ erwartet
min(2.5)<=GH!=l	E„!=“ unerwartet
(1)*auf(0.1)	=3ff0000000000000
1.+DECKE/0.1	=40a1320000000000
LICHT>3	=3ff0000000000000
wenn(3<pi (360-3,360,LICHT)*-7	Eunbekannte Funktion „pi“
atan2(min(7),wenn(2.5,DECKE,pi))!=atan2(wurzel(b),cos(b))	=3ff0000000000000
max(pi,360)	=4076800000000000
wenn(-q,-l,LICHT)>(-1)-q==45==0<tan(pi-DECKE)	E„==“ unerwartet
min(45)	=4046800000000000
pi>min(GH/0.5)/abs(b)<=1e3	E„<=“ unerwartet
wenn(7,90,a<(b) wenn((.5),LICHT,0 )pi))	E„)“ erwartet
b*GH+100/LICHT^l>100	=0
-a>b	=0
l/q*DECKE^pi	Eunbekannter Name „q“
45*b<=b	=3ff0000000000000
sin(atan2(a,a)-wenn(7,pi,0.5))	=3fe55a74e21cec1a
wurzel(atan2(0.1,7))	=3fecf32e8d145278
45<=0.1 )0--wenn(DECKE,45,45)	E„)“ unerwartet
rund(atan(pi))^90!=max(l-GH,1.+pi)--100!=wenn(pi,0.1,q)	E„!=“ unerwartet
ab(min(2,2))-(max(-1,pi,0.5))	=bff243f6a8885a30
(1e-3)-(pi)	=c0091fef0a89cee3
-2	=c000000000000000
b<3	=3ff0000000000000
(q^-(GH))	Eunbekannter Name „q“
(7/sin(1e3)^-l-360)	=c076800000000000
a+pi^(l)	EErgebnis ist keine Zahl
pi!=3	=3ff0000000000000
wurzel(min(-1,.5,l))/pi	EErgebnis ist keine Zahl
atan(1)	=4046800000000000
min(3)	=4008000000000000
(b)	=0
DECKE (LICHT<=100	Eunbekannte Funktion „DECKE“
sin(a)	=3faacbc748efc90e
(1.)	=3ff0000000000000
cos(360)	=3ff0000000000000
((1e3))	=408f400000000000
max(1e-3,b)==abs(45)	=0
tan(atan2(b,0.1>=DECKE))/LICHT	=0
-(-1)	=3ff0000000000000
wenn(sin(b),DECKE>=pi,pi)	=400921fb54442d18
-min(DECKE,100,b,a)	=8000000000000000
-1<=1.	=3ff0000000000000
rund(a)	=4008000000000000
pi==tan(GH)/wenn(1e-3,pi,1e-3)	=0
-1.	=bff0000000000000
(max(100,pi,q,q))	Eunbekannter Name „q“
atan((.5))/(wenn(l,.5,b))	=404a90a731a61dc4
(-.5)	=bfe0000000000000
min(q!=2.5 ,wenn(b,2.5,b),-b^.5,1.^b>auf(q),-pi^b)>=min(GH,tan(b>GH))	Eunbekannter Name „q“
b!=q	Eunbekannter Name „q“
(atan2(0,45)+1)+0.5--DECKE!=.5*.5<wenn((45)/wenn(-q,cos(45),pi/DECKE),atan2(0.5,pi)+q==GH (1.,-a*pi>=wenn(-1,1,45)==wurzel(a))	E„<“ unerwartet
atan(auf(l))>=min(7<=q,q==360,LICHT^2.5,min(0.1,b))	Eunbekannter Name „q“
wenn(q (a,.5-l,ab(b))	Eunbekannte Funktion „q“
wenn(min((q+2)),wenn(rund(360),0.1+360,-1-GH)^GH,atan2(wenn(q,(q),max(1e-3,3)),360))	Eunbekannter Name „q“
(cos(auf(q-0==atan(1e3))))	Eunbekannter Name „q“
atan2(1e3^wenn(1,90,.5),q*LICHT<=360)	Eunbekannter Name „q“
atan(0.1)	=4016d7a5ba394ac0
atan2(((ab(100))),45)*2*LICHT	=411527ef20f25231
wenn((GH),2,(DECKE>atan2(ab(a),1!=b)))	=4000000000000000
wenn(90,LICHT,DECKE)	=40a4960000000000
2==360==.5>1.	E„==“ unerwartet
45 )-atan2(wenn(LICHT,pi,0.1),1e-3) )ab(sin(0.1!=2.5))+abs(cos(1.))/pi/DECKE^ab(q)	E„)“ unerwartet
-a^1.	=c008000000000000
ab(wenn((b),((1.)),abs(1)*b>1e-3))	=0
sin(7)	=3fbf32d44c4f62d3
0+90^((DECKE))<(7)-wurzel(a) sin(1^2.5)	E„sin“ unerwartet
q+1	Eunbekannter Name „q“
0.5<=0	=0
l<b*wenn(0.1,rund(GH),45/.5)	=0
max(wenn(7,b,-1),sin(7),(2.5),100)	=4059000000000000
3>=q==pi/q>=360	E„==“ unerwartet
cos((LICHT)!=cos(LICHT)^pi)	=3ff0000000000000
90<pi*DECKE	=3ff0000000000000
--min(LICHT,7,DECKE,DECKE)	=401c000000000000
pi )LICHT	E„)“ unerwartet
a--wenn(0.1,1.,b) ,(DECKE)>=min(atan2(45,45)*LICHT+90>LICHT*360 (90/100,tan(atan2(0,2)+LICHT^pi))	E„,“ unerwartet
(LICHT<=GH)	=3ff0000000000000
(45*2.5)	=405c200000000000
(l-rund(max(q,q,360,2))/(cos((7))))	Eunbekannter Name „q“
rund(-wenn(7/pi+0.5<=q,.5 )-45,(wenn(a,-1,pi))))	Ewenn() mit falscher Anzahl Werte
ab(DECKE^GH)	EErgebnis ist keine Zahl
((wurzel(a*b))+wenn(min(2.5,LICHT,90,GH),b+l,1e3^b)/a 0.5==b)	E„)“ erwartet
max(wenn(wenn(-1,7,q)-90,atan2(atan2(GH,DECKE),-3),wurzel(l)),(0.1))-wurzel(2) (wenn(wurzel(GH)^(DECKE),(-1e3),atan2(-.5,360-7))	E„(“ unerwartet
max(-1-(1e-3>=pi) wurzel(DECKE)^-2-1e-3,DECKE,max(-rund(l)<=(-1>360),-sin(DECKE)!=wenn(100,LICHT,a)))	E„)“ erwartet
min((q))>=(3)*LICHT	Eunbekannter Name „q“
wenn(pi,((max(LICHT,1e-3,l,1e-3)))<=(wenn(1e3-GH,rund(pi),1e3>1e-3)),(2))	=0
(pi^-0.5!=45)*rund(wenn(wurzel(0.1/7),(l),tan((100))))	=40a7700000000000
(-1.)	=bff0000000000000
(q+q)^q	Eunbekannter Name „q“
wenn(min(DECKE,-wenn(pi,2.5,a),max(DECKE,0.1,LICHT)-45>=l,auf(wenn(GH,q,GH))),abs(atan2(90,pi ,pi)),l)	Eatan2() mit falscher Anzahl Werte
min(wenn(q,a,0),360!=2.5,-45,sin(DECKE))	Eunbekannter Name „q“
wenn(45,360/pi GH,1e3 (1e3<=(GH))-.5!=1>=((auf(.5)))>=max(min(l),1,b)	E„)“ erwartet
q>q	Eunbekannter Name „q“
100*LICHT<100<=l	E„<=“ unerwartet
tan(rund(l))	=bffbb67ae8584cfa
max(l)	=40a7700000000000
-1/(b)	ETeilung durch 0
DECKE>LICHT	=0
min(-a,0.1 )l)>(0.5+l)	E„l“ unerwartet
wenn(sin(1e-3),-a,2.5)	=c008000000000000
min(-b (b),0.1,-1,2.5)	Eunbekannte Funktion „b“
0*(-1)	=8000000000000000
ab(atan2(-q,auf(LICHT)))	Eunbekannter Name „q“
(pi)/max((b)^min(360,b,100,2),45==90*1>q,l)+-min(min(wenn(q,q,3),100<=pi),(a),wenn(b,b,LICHT)<=b^7)	E„)“ erwartet
cos(.5)	=3fefffb02599c9cd
LICHT>DECKE^(l)	=0
wenn(max(1/LICHT),q*100>LICHT!=1e3,(pi))	E„)“ erwartet
atan(pi)-.5	=4051f5f733060feb
q!=1+(45)	Eunbekannter Name „q“
min(b)	=0
abs(atan(1.))	=4046800000000000
min(a,1)<2<((pi))+100 ,a*q-1e3-a>=0.5	E„<“ unerwartet
--.5	=3fe0000000000000
atan2(7,min((1),(-3>0),l,sin(45)))	=4056800000000000
0.1<=1	=3ff0000000000000
l*1<l<pi	E„<“ unerwartet
auf(DECKE)	=406b800000000000
--1	=3ff0000000000000
q*atan2(pi,b)	Eunbekannter Name „q“
(LICHT^DECKE)	EErgebnis ist keine Zahl
100-l	=c0a6a80000000000
wurzel(7)/atan2(q,DECKE)	Eunbekannter Name „q“
360*2	=4086800000000000
ab(((LICHT-LICHT!=2.5)))	=3ff0000000000000
wenn(GH (0.5/.5-q,b,(0^l))	Eunbekannte Funktion „GH“
1e-3+LICHT*7^-pi	=4017551eb9f7c58a
atan2(7,7)+(0.5)!=0.5<=7==100 (2.5	E„<=“ unerwartet
1e-3*atan((l)^DECKE^(l>GH))	=3fb70a3d70a3d70a
(3^100 )LICHT<b)	E„LICHT“ unerwartet
atan2(pi,a*wenn(-pi!=-LICHT,-GH,GH))	=40667f53d6c14a63
ab(DECKE*min(.5,2))+(1e-3!=90)>atan(1.-360)	=3ff0000000000000
((GH))	=40a64e0000000000
3*3	=4022000000000000
0.5+DECKE/l (1e3>tan(rund(.5))+-.5-100*45	Eunbekannte Funktion „l“
wenn((7) (-a/100,l,pi)	E„)“ erwartet
wenn(.5,q,-1)	Eunbekannter Name „q“
ab(tan(q))	Eunbekannter Name „q“
abs(pi)	=400921fb54442d18
((cos(1.*2)))<=(atan2(auf(360),-1)) (.5	E„(“ unerwartet
a>=2.5<=2.5	E„<=“ unerwartet
100*2.5	=406f400000000000
b==-tan(LICHT)==90	E„==“ unerwartet
(GH<1e3)	=0
atan2(DECKE--wenn(90,2,45)==(a),abs(atan2(rund(0.5),q^LICHT)>--q))	Eunbekannter Name „q“
rund(0)>atan2(100,100)	=0
-LICHT*2.5+a^0.1*-b>1e3	=0
((abs(45)))	=4046800000000000
auf(min(b/b,(DECKE)/-LICHT>=atan2(a,DECKE^0),sin(l)>-l*a,q))	ETeilung durch 0
GH==min(1e-3/2.5,atan(1),1==1e3,DECKE!=100)	=0
wenn(90,360,ab(max((2)+(q),(45)-atan2(1e3,a),l,3)))	Eunbekannter Name „q“
cos(ab(45+q)-min(tan(b),(2.5),abs(1),atan2(l,1e3))+LICHT)	Eunbekannter Name „q“
wenn(q,1.,.5)	Eunbekannter Name „q“
wenn((2.5)<=(1),min(auf(100),7),b)	=0
2 (pi	E„(“ unerwartet
l>b>1e-3<=(a)	E„>“ unerwartet
wenn(b,0.5,a)>atan2(pi,a)	=0
wenn(DECKE/0.5,pi^b,wenn(l,q,DECKE))>=2.5-b<=0.5>DECKE/45	E„<=“ unerwartet
wenn(100!=(pi),max(l,pi==2.5),atan2(b<=LICHT,(100)))	=40a7700000000000
(100==DECKE)==-atan2(2,3)	=0
.5/DECKE/(DECKE)	=3ee5aa2fe645e71e
tan(2.5!=-1)	=3f91dfbd9410a422
2.5<(l>=-0.1)	=0
wenn(100,7,-1)	=401c000000000000
-min((7),DECKE<=0.1,rund(1e-3),pi-0.1)>b>=b==0.1	E„>=“ unerwartet
wenn(-a>=DECKE,q>45/q,pi<=b*2)	Eunbekannter Name „q“
(wurzel(atan2(wurzel(0.5),pi)))/wurzel(-max(45))	EErgebnis ist keine Zahl
wenn(360<LICHT,a,360*b)	=4008000000000000
max(auf(1e-3))	=3ff0000000000000
wenn(wenn(45,1e3,-b),atan2(q^2,wenn(LICHT,3,q)),-(LICHT))	Eunbekannter Name „q“
(sin(GH))	=bfdb0c2d7737984e
.5^l	=0
.5^360	=2970000000000000
wenn(2.5,pi,wurzel(100))	=400921fb54442d18
cos(b)	=3ff0000000000000
auf(DECKE)!=1.<=2	E„<=“ unerwartet
wenn(2.5,pi,2)	=400921fb54442d18
l!=-1	=3ff0000000000000
wenn(a-(LICHT),b!=1e-3-GH,l+pi*l)^sin(atan(a))	=3ff0000000000000
auf(wenn(1.<0.1,wenn(LICHT,3,GH),360==3)+(-q))	Eunbekannter Name „q“
wenn((pi)==-1,-DECKE,(DECKE<1.))	=0
cos((wurzel(abs(q)))<=l)	Eunbekannter Name „q“
max(GH,0.5,b,0.1)^-7*-90	=bb5197cd77fde959
atan2(1.,atan2(.5==b,min(GH,a)))	=4056800000000000
0-l-b<DECKE	=3ff0000000000000
2+(atan((0.5+45)))	=4056af6bcda6bfca
(-l/90 GH<(1e-3))	E„)“ erwartet
3/DECKE!=wenn(2.5,b,l)>1e-3>=100	E„>“ unerwartet
(abs(360))	=4076800000000000
90*atan2(l,b^7)+wurzel(DECKE)>=(2.5)	=3ff0000000000000
a--1.	=4010000000000000
atan2((cos((pi))),atan2(q,max(a,b))==(0.1 (GH))	E„)“ erwartet
max(DECKE)	=406b800000000000
(2.5/7)*3-wenn(2.5,0.1,pi)	=3fef15f15f15f15f
-rund(tan(-q>=2))	Eunbekannter Name „q“
abs(ab(GH))>=-1	=3ff0000000000000
wenn(LICHT,GH,DECKE)+45	=40a6a80000000000
-tan(.5)==1	=0
wenn(DECKE,100,l)	=4059000000000000
rund(.5)	=3ff0000000000000
wenn(a,(a)<atan2(GH,0)<=tan(.5+l),cos(max(l+q,atan2(1.,b),wenn(LICHT,3,1))))	E„)“ erwartet
atan2(LICHT,wenn(wenn(pi,pi,90),a,0))	=40567bd33ba88dc8
wenn((b)/1e-3==a,atan(l)<=(LICHT),wenn(90,(a),a))	=4008000000000000
wenn(((GH<a)),abs((l)<=q/DECKE),b+wenn((GH),-1.,(b)))<=pi	Eunbekannter Name „q“
pi (.5	Eunbekannte Funktion „pi“
auf(atan(l ,pi))	Eatan() mit falscher Anzahl Werte
0.5*0.1	=3fa999999999999a
wenn(b,sin(3),45 l)	E„)“ erwartet
rund(b>=100^atan2(DECKE,0))	=0
((max(b,90,1e3)))	=408f400000000000
1e3/q	Eunbekannter Name „q“
(sin(pi)>(45<1!=--1))	E„)“ erwartet
rund(DECKE)==l<=DECKE	E„<=“ unerwartet
(abs(DECKE*1e-3))	=3fcc28f5c28f5c29
rund(auf(DECKE))	=406b800000000000
tan(100)	=c016af648056a138
l^90	EErgebnis ist keine Zahl
-1/.5 0.1*min(max(a,1))	E„0.1“ unerwartet
min(0.5,b,0.5)	=0
1+-DECKE!=DECKE	=3ff0000000000000
atan((1.))	=4046800000000000
max(3/GH!=DECKE>=q,min(wenn(3,45,b)))>(atan2(DECKE^l,rund(3)))==-cos(7)	E„)“ erwartet
((100))^b*q/DECKE	Eunbekannter Name „q“
1e-3==DECKE^(0.1)	=0
max(1.,l)	=40a7700000000000
(wenn(wenn(2,atan2(l,q)>=DECKE>LICHT,abs(auf(0))),(a>1)>=atan2(360,2.5)--q,1e-3==q==LICHT/DECKE!=GH))	E„)“ erwartet
max(l,2.5,1)/7^1e-3!=DECKE	=3ff0000000000000
1^pi	=3ff0000000000000
1e3/b*1 )DECKE*1e3	E„)“ unerwartet
wenn(tan(-pi),LICHT==DECKE+7<=q,(3)>0.1)	E„)“ erwartet
rund(2.5)	=4008000000000000
pi*0.1	=3fd41b2f769cf0e0
atan2(atan2(-(GH!=pi),1),q)	Eunbekannter Name „q“
DECKE^ab(ab(LICHT))	EErgebnis ist keine Zahl
rund(wenn((.5>=DECKE),(LICHT),DECKE))	=406b800000000000
ab(b)	=0
-atan(b)	=8000000000000000
LICHT>q>-1<atan2(GH<q,abs(l))	E„>“ unerwartet
wenn(atan2(7,-1),max(.5,3,q),max(l,45))	Eunbekannter Name „q“
0.1^-1	=4024000000000000
atan2(LICHT,1e-3)	=40567fffa4cc6b60
2^b	=3ff0000000000000
atan(l)	=40567ec716b27e02
360<=auf(l)--pi==wenn(7==0.5,ab(1.),-pi)	E„==“ unerwartet
atan(sin(3))	=4007f7985fc0f3fa
rund(min(atan2((90)-GH,1e-3),-7>q-b!=pi,a))	E„)“ erwartet
2^wurzel(-a)	EErgebnis ist keine Zahl
atan(1.)>=(1)	=3ff0000000000000
(atan2(max(0,(wurzel(a)),a),-abs(a)))	=4060e00000000000
wenn(wenn(-b,2,ab(3))<=wenn(LICHT,2.5,b)-7,(GH),0.5)	=3fe0000000000000
1.>=.5	=3ff0000000000000
(0)	=0
-1<-90<=tan(wenn(-DECKE,GH/0.5,100==b))+-q )3-DECKE	E„<=“ unerwartet
max(l,LICHT,LICHT)	=40a7700000000000
rund(0.5)	=3ff0000000000000
(max((90),tan(1.),1==0.5))	=4056800000000000
7*b	=0
7!=7	=0
min(b,q,(tan(max(atan2(1,2.5),2))))	Eunbekannter Name „q“
atan(DECKE)	=40566f550e71dd81
-max(q,1e-3,l,GH)^rund(.5)	Eunbekannter Name „q“
atan2(DECKE,q)	Eunbekannter Name „q“
atan2(b,auf(3))	=0
.5-cos((.5))	=bfdfff604b33939a
a<DECKE*1e-3<=7	E„<=“ unerwartet
LICHT!=auf(0!=l)	=3ff0000000000000
pi+-atan2(-GH,pi)<-(GH)!=-q	E„!=“ unerwartet
min(-2.5,rund(2)<LICHT,DECKE)*wenn(-atan2(-1,a),max(LICHT,7)>1e-3<b,max((a),1e3,rund(l)))	E„)“ erwartet
wenn(cos(LICHT),l==DECKE,1>=b)==wenn(LICHT,1.,GH)>=q==a^DECKE (sin(1e-3)*max(2.5) )min((q),q^DECKE)>=DECKE>3	E„>=“ unerwartet
-1<=max((b)>90/45,atan2(l<100,q),-LICHT>(a),wenn((LICHT),atan(.5),pi)) )(2.5)	E„)“ unerwartet
pi*l	=40c268639437ef07
wenn(wenn(DECKE,b>=GH,(1.)),.5,min((pi),7))	=400921fb54442d18
min(b,pi,DECKE)	=0
wenn(atan2(-0,-GH),abs(-atan2(0.5 (7,-90)),max(wenn(-0.5^1,atan(360)==wurzel(45),(LICHT)^wurzel(pi))))	E„)“ erwartet
(GH ,pi)	E„)“ erwartet
-0^(GH) )a<=pi	E„)“ unerwartet
LICHT<=a>DECKE ,a<1+100	E„>“ unerwartet
-LICHT>=(3>=100>=wenn(b,2,45))	E„)“ erwartet
(atan2((l)^100,(0.1--1))>--a==l)	E„)“ erwartet
wenn(l/wenn(DECKE,-1,pi)>min(1e-3,pi,b,q)>min(2,1.),max(7/-1)==wenn(1e-3+100,abs(1.),wenn(q,0.1,a)),-1)	E„)“ erwartet
min(2.5,-1.>=3==(DECKE),pi,ab(q))	E„)“ erwartet
atan2((0.5)+100*.5,.5)	=40565bb1e83a629d
1e-3>0	=3ff0000000000000
-1==l	=0
wenn(3,.5,7)	=3fe0000000000000
GH<=-1	=0
wenn((max(3,0))+360<l==wenn(pi,GH,45)*((360)>=b>1),l>ab(GH)-(45)*7<=DECKE+pi-rund(q),1e3)	E„)“ erwartet
b-360<=3 1.	E„1“ unerwartet
wenn(90,wurzel(b),100)	=0
atan2(l,100)	=405605d072504ce9
max(wenn(0+.5,-1<0,GH 3))^1.	E„)“ erwartet
a-360	=c076500000000000
LICHT+l	=40b6030000000000
b^-1>=DECKE	=3ff0000000000000
(q>b)	Eunbekannter Name „q“
-1^q*(-1)	Eunbekannter Name „q“
b>=ab(LICHT)	=0
max(90)	=4056800000000000
wenn(-1,b,pi)	=0
-cos(-a>=l)	=bff0000000000000
(ab((LICHT)))+atan2(0.5,(.5)+0.5 (1e3)	E„)“ erwartet
auf(45>=q)/1e-3	Eunbekannter Name „q“
pi/wenn(max(LICHT,LICHT),-1e3,min(pi,90)) )DECKE>=DECKE	E„)“ unerwartet
sin(atan2(q,1e3*LICHT))	Eunbekannter Name „q“
45+3+pi	=4049921fb54442d2
--0.5>=cos(max(7,LICHT,1e3+l))	=0
a*0.5==1e3	=0
a ,2<a	E„,“ unerwartet
wurzel(DECKE)	=402daa2fefaae1d8
q/1e-3	Eunbekannter Name „q“
2^b!=(45)	=3ff0000000000000
wenn(7,ab(1e3),-1<.5*100<-l>=1e-3)==0.1	E„)“ erwartet
.5*1.	=3fe0000000000000
.5<=pi>=((l)+45 (2)	E„>=“ unerwartet
rund(a ,7)	Erund() mit falscher Anzahl Werte
-b ,GH	E„,“ unerwartet
-1>b	=0
wenn((2.5),q,a)	Eunbekannter Name „q“
min((1e3),GH,abs(DECKE))^atan2(90-0.1,360>LICHT)+1.	=6bb401955fe3cfc0
wenn(b<2.5,360,(0.1))+DECKE/wenn(b>=GH!=7<=7,(b )GH),(0.1<1e-3))	E„)“ erwartet
90>=pi	=3ff0000000000000
-1/q	Eunbekannter Name „q“
max(wenn(min(-1^b,b,wenn(l,7,0.5),cos(LICHT)),atan2(1e3>45,-1),(rund(pi))),pi,wenn(atan2(0.1+7,-pi),atan(wenn(b,q,1)),max(tan(0.1))))	Eunbekannter Name „q“
a==3 ,ab(1<(7))	E„,“ unerwartet
-((360))	=c076800000000000
max(q)>=0.5--1>wurzel(1e3)==0.1+l	E„>“ unerwartet
min(atan2(-atan2(1e3,0),b))	=c056800000000000
atan2(GH,DECKE<=2.5==GH)	E„)“ erwartet
-atan2(2.5,0==7)	=c056800000000000
atan2(atan2(0.1==l,(pi)),2.5)	=0
(.5)	=3fe0000000000000
wenn(1/pi<=GH,-0.5-l,-GH<b)^(1.)	=c0a7710000000000
atan2(b,-.5<wenn(-LICHT,(1.),LICHT!=1)*wurzel(wenn(a,100 (-1,(2))))	E„)“ erwartet
wenn(1.-0,tan(0),1e3)>=(pi)<=-pi	E„<=“ unerwartet
wenn(45-0.5,max(LICHT,LICHT,0.1,GH),pi<0.5)	=40a64e0000000000
-100>=100	=0
.5==360	=0
max(LICHT,.5/(q),3 )abs(q)+max(.5,0.1,.5,1e3))-100	E„abs“ unerwartet
l>1e3+wurzel(GH)	=3ff0000000000000
wenn(0!=q,ab(a),tan(.5))<-1*b-360!=a	E„!=“ unerwartet
atan2(3,360/1!=wenn(2,LICHT,.5))	=4051e429cc698771
ab(rund((2)-(1e3)))	=c08f300000000000
q==-atan2(-0,LICHT)!=max(7*3,tan(DECKE)) ,2.5*45>=(1e-3)*(l)	E„!=“ unerwartet
rund(0.5)<.5	=0
(wenn(1,q,LICHT))<LICHT )(wurzel(2.5))!=3	E„)“ unerwartet
1e-3/pi!=(GH)	=3ff0000000000000
((l)<=360<=0>=2.5/2>GH)	E„)“ erwartet
(.5)<=LICHT>q	E„>“ unerwartet
LICHT>-1!=((DECKE))*(q)<=-pi<DECKE>=2	E„!=“ unerwartet
ab(360)	=4076800000000000
GH>=0*l (7	Eunbekannte Funktion „l“
GH==2.5	=0
GH/(LICHT)	=3ff155fb246ec156
DECKE<=(GH)	=3ff0000000000000
abs(GH)	=40a64e0000000000
-45	=c046800000000000
((b))<(1)	=3ff0000000000000
-1<90	=3ff0000000000000
auf(atan2(l,atan(2)))	=4056400000000000
min(-GH)	=c0a64e0000000000
auf(7)	=401c000000000000
rund(-1)	=bff0000000000000
(atan2(atan2(q,a)*b,2.5))	Eunbekannter Name „q“
cos(1e-3-1e3>=.5)	=3ff0000000000000
abs(wenn(abs(0),7,-b))<=max((0),(0.5),3>1e3,90) sin(a)!=LICHT	E„sin“ unerwartet
atan2(DECKE!=LICHT,2.5)	=4035cd292c0e95cf
LICHT+b-DECKE>360	=3ff0000000000000
max(wenn(3,1,pi))	=3ff0000000000000
wenn(q,a,0.5)>=wurzel(LICHT)	Eunbekannter Name „q“
max(a,q,q)	Eunbekannter Name „q“
max(-a>b/(45>GH),DECKE,(atan(ab(a))),atan2((q),max(wenn(0.5,0,GH),a<=0,(3))))	ETeilung durch 0
(GH<0.5)	=0
atan2(wenn(pi,-atan(LICHT),((q))),-1==1+45)	Eunbekannter Name „q“
wenn(1e-3,a,360)	=4008000000000000
cos(45<=-1)+LICHT	=40a4980000000000
(atan2(DECKE,3))>l<2-1e-3	E„<“ unerwartet
wenn(0.1^0>a>=b,max(90<=0.5,1.,(LICHT)),(GH))	E„)“ erwartet
(LICHT)+-LICHT>=atan(45^a)	=0
0<min(b,-max(atan2(0.1,DECKE),wenn(2.5,DECKE,LICHT)))	=0
0.5!=-LICHT	=3ff0000000000000
atan2(DECKE,DECKE)	=4046800000000000
auf((1e-3))>=(100^q)<-max(2-90,q)	E„<“ unerwartet
7/-(wenn(pi,GH,1e3))	=bf6415e0f9a23543
wenn(tan((0.1<DECKE<a+q)),atan2(wenn(0.1,q,rund(0.1))*GH,45),b<-ab(LICHT))	E„)“ erwartet
1-a	=c000000000000000
wenn(min(LICHT,q,-.5,atan2(auf(0.1),(LICHT))),atan2(atan(-1)/min(1,3,LICHT),1.),atan2(((GH)),min(1e-3)<=7+1.))	Eunbekannter Name „q“
a^b+GH	=40a6500000000000
wenn(q,LICHT,(atan2(90,100)))	Eunbekannter Name „q“
7/ab(ab(7))	=3ff0000000000000
ab(pi)	=4008000000000000
a==a<=GH )b	E„<=“ unerwartet
wenn(1e-3<atan2(wenn(7/90,-2,wenn(3,0,a)),2.5),1e3-atan2(1,DECKE)*-pi/2.5>rund(tan(2.5*l)),a)	=4008000000000000
max(90-100,2==0.1,wenn(LICHT,pi,LICHT),abs(pi))<=(q)^LICHT<GH	E„<“ unerwartet
wenn((min(q>=GH!=0)),abs(l<=90),1e-3)	E„)“ erwartet
wenn(wenn((min(7)),LICHT,-1),1.^0.5*2.5!=min(l,45,a,2.5),wenn(sin(LICHT^a),tan(1) -7,1e-3))	=0
GH>=atan2(0,(pi))	=3ff0000000000000
min(0.1,LICHT,100)-wenn(-1,q,DECKE)	Eunbekannter Name „q“
wenn(-1^--1/min(wenn(a,1,q)),(-LICHT)*max(GH,b (LICHT),(atan2(GH,3<0)))	Eunbekannte Funktion „b“
max(atan2(-1e-3,LICHT),(-1/l),-1<=0.1)	=3ff0000000000000
(-pi)+((0.1))	=c008552e8777604b
(GH)<=min((360),1e3==7,360,rund(2))	=0
abs(0)	=0
tan(LICHT)	=c00127f33e8d1302
rund(1e3)	=408f400000000000
1e3>=(0+360*wurzel(pi))	=3ff0000000000000
pi^2<=atan(b)	=0
(wenn((0),0.5,(1e3)))	=408f400000000000
7-0.5	=401a000000000000
(atan2((-1)>GH<b,sin(min(100,GH,45))))	E„)“ erwartet
atan(--90<a)	=0
tan(pi)	=3fac1a099d728895
atan2(pi,(q))	Eunbekannter Name „q“
(-q==(GH)+atan2(pi,LICHT))	Eunbekannter Name „q“
360!=pi	=3ff0000000000000
q!=atan2(7,wenn(7,l,l))>atan2(l,-1e-3!=b)	E„>“ unerwartet
l>=pi<q>=360!=l^l*GH+360-LICHT	E„<“ unerwartet
abs(45) LICHT	E„LICHT“ unerwartet
90>-45+7<=3	E„<=“ unerwartet
--sin(LICHT)*b )2>-a>=l<-LICHT>(a)-l	E„)“ unerwartet
0.5>=DECKE	=0
(-.5>=b)	=0
min(wenn(q,1e-3-1!=GH!=q,(DECKE-b)),wenn(1e-3,90,rund(2 (2)),l==-1e-3,(max(1.<=l)))	E„)“ erwartet
(max(q,90,2,a))<=wenn(1e3,90,90)<DECKE>=--q+a	E„<“ unerwartet
(360)+wenn(1e3,7,a)^wenn(q,0.5,.5)<pi<=1e-3+0.1	E„<=“ unerwartet
(1)	=3ff0000000000000
q==-l>=1	E„>=“ unerwartet
-wenn(pi,1e3,LICHT)	=c08f400000000000
-b^3>=wenn((q),-q,atan2(pi,2.5))	Eunbekannter Name „q“
cos(a)<=auf(q)	Eunbekannter Name „q“
atan2(pi^q,45)	Eunbekannter Name „q“
((100))	=4059000000000000
wenn(auf(q),abs(0),a*LICHT)-wenn(0,q,1.)>atan2(1.,DECKE)	Eunbekannter Name „q“
min(b,(2.5),b==0.5<=360,-min(b,rund(q),DECKE,0.5)^(b*360))	E„)“ erwartet
-wenn(0.5>1e-3,-1.,pi)	=3ff0000000000000
wenn(abs(l),min(b,0.1,2.5),wenn(GH,0.5,pi))	=0
ab((abs(.5)))	=0
min((1e3>90),(-DECKE),min(7))>=.5/1e3>=sin(2.5<=a)	E„>=“ unerwartet
-atan2(((q)),wenn(-1,1^a,abs(GH)))	Eunbekannter Name „q“
auf(-a<=-atan2(3,1e3)*((.5<DECKE)))	=3ff0000000000000
wenn(2.5,7,100)	=401c000000000000
1.^wenn(atan2(GH,2),atan2(1,pi),b 90)>=rund(a)*b	E„)“ erwartet
wenn(pi,b,LICHT)--a	=4008000000000000
(-ab(DECKE))	=c06b800000000000
(-2.5>=wenn(0.5,45,90))	=0
360/wenn(0.1,GH,a)^0==abs(1)	=0
wurzel(tan(GH (l-a>=7))	Eunbekannte Funktion „GH“
rund(-3)	=c008000000000000
(7)	=401c000000000000
wurzel(wenn(pi,GH,a))	=404ab75254a02ac6
wurzel((GH*q))	Eunbekannter Name „q“
100 b-360-b	E„b“ unerwartet
-(l)*(1e3)*q	Eunbekannter Name „q“
-DECKE-1e3+(1.)	=c0930c0000000000
((atan2(1e-3,q))*wenn(atan2(0.5,1e-3),l,b)<b)	Eunbekannter Name „q“
abs(wurzel(l))+LICHT	=40a5038b651b113c
tan(a)	=3faad53144273e73
(-atan2((360),a)!=atan2(1,b)>=7==LICHT ,atan2(GH,7))	E„)“ erwartet
1^3	=3ff0000000000000
atan2((a>=l)==(90-2),wenn(a/1==rund(0.1),(l)/(DECKE),wenn(DECKE,l,1.)-3!=a))	=0
360*GH>b/abs(cos(a))>=max(45==DECKE==1.^a)	E„>=“ unerwartet
(max(45,q,0.1))	Eunbekannter Name „q“
1!=2-pi	=3ff0000000000000
atan2(a,l)	=3fad55deb25c05c6
wurzel((pi))	=3ffc5bf891b4ef6a
ab((DECKE==wenn(tan(360),l,tan(1e-3))))	=0
(l ,90)	E„)“ erwartet
auf(-LICHT)	=c0a4960000000000
0.1/l	=3f0179ec9cbd821e
1e-3 atan2(atan((2)),ab(1e-3^pi))==wurzel(3)	E„atan2“ unerwartet
atan2(1e-3,1e-3)	=4046800000000000
min(cos(l)^DECKE,0-2>-0*LICHT,q,360 cos(q)^1e3-b)	E„)“ erwartet
90!=.5	=3ff0000000000000
ab(90)==GH>=1e3	E„>=“ unerwartet
(-1.^0.5!=a)	=3ff0000000000000
q<100	Eunbekannter Name „q“
rund((q))/wenn(atan2(pi,pi),max(LICHT,l,l),max(LICHT,DECKE,pi,LICHT))/1+45/GH>=GH	Eunbekannter Name „q“
wenn(l,rund(1.),LICHT)	=3ff0000000000000
atan2(1,1e-3>=b-wenn(a,q,LICHT))	Eunbekannter Name „q“
b<a	=3ff0000000000000
atan(wenn(0.5,pi,q))	Eunbekannter Name „q“
atan2((1)*(l),3)^cos(0.1*a)	=40567bfa62b772a7
wenn(-1.,1,q>=GH)	Eunbekannter Name „q“
wenn(rund(DECKE>DECKE>pi),q<DECKE-q,max(360,GH--45,cos((pi))))	E„)“ erwartet
max(360)	=4076800000000000
3^1	=4008000000000000
(360)==45*-min(a,LICHT,45,360)-1.	=0
q (1e-3/LICHT<b	Eunbekannte Funktion „q“
ab(wenn(1,min(q,1.,2.5),GH>7)>(3))	Eunbekannter Name „q“
1.*a<=.5<DECKE	E„<“ unerwartet
wenn((a),b==a,DECKE^3)-atan2(LICHT,0)<=sin(l)	=3ff0000000000000
max(q>0>=.5,q-100/-2.5)+0	E„)“ erwartet
max(atan2(l,-1)*pi!=0.5,rund(wenn(pi,0.1,2.5)),1)	=3ff0000000000000
atan2(b>(l),(1.>=360))	=0
((a<=b)!=wurzel(l )0.5))	E„)“ erwartet
--atan2(7,LICHT)	=3fc37b91cf0f0863
atan2(tan(0.5)-b,(atan2(90,l)))	=3fd29f6c000f0d56
(tan(0.5))	=3f81df645e10066f
(45)>=min(GH,GH,100)	=0
b!=LICHT	=3ff0000000000000
wenn(wurzel(.5),GH+DECKE,0.1<1)	=40a8060000000000
-atan2(b,(GH)+atan(GH))	=8000000000000000
atan2(1.!=45,0.1)	=40551285a45c6b55
-1.*0^90<=3+-2/pi>=b	E„>=“ unerwartet
min(l<=0.1!=1e3^0.5,cos(-1),-rund(GH))	E„)“ erwartet
DECKE>(ab((-1e-3)))	=3ff0000000000000
tan(LICHT*(q)==l)	Eunbekannter Name „q“
wenn(1e-3,l,pi)	=40a7700000000000
(1.+2<b) )atan(max((DECKE)))	E„)“ unerwartet
atan2(q,7)*DECKE	Eunbekannter Name „q“
atan(b)	=0
wenn(pi,DECKE,LICHT)	=406b800000000000
0.5==-1-GH	=0
a<=DECKE<=(GH)	E„<=“ unerwartet
(360+90)	=407c200000000000
wurzel(0.5)	=3fe6a09e667f3bcd
max(q,a,0.1)	Eunbekannter Name „q“
min(max(b,pi,a,LICHT),ab(3),sin(pi),7!=pi)>.5	=0
wenn(2.5<1e-3<abs(l),ab(q)^a+a,2)	E„)“ erwartet
0 (pi<-LICHT	E„(“ unerwartet
auf(360)-DECKE	=4061800000000000
wenn(q,GH,pi)<=1.>-DECKE<0	E„>“ unerwartet
2/a==atan2(100,a)	=0
90!=l==max(1e3)<DECKE	E„==“ unerwartet
ab(b/1e-3)!=.5	=3ff0000000000000
0.5<a	=3ff0000000000000
(LICHT)!=(l)	=3ff0000000000000
wenn(rund((2)),sin(l),q==rund(0)>=0.5 )3 ,45)	E„)“ erwartet
ab(q)	Eunbekannter Name „q“
((b))*(b)<=pi	=3ff0000000000000
max(tan(wurzel(-1)),pi)	EErgebnis ist keine Zahl
(DECKE/2)+a	=405c400000000000
ab(GH)	=40a64e0000000000
wenn(1e3,LICHT,360)	=40a4960000000000
1.^DECKE-abs(-pi)+(l)/atan2(.5,3)	=4073ae7c2c1ada02
cos(wenn(q,0.1,DECKE))	Eunbekannter Name „q“
wenn(-LICHT,100,atan2(2,1e3))	=4059000000000000
1e3 ,.5	E„,“ unerwartet
auf(q>3)	Eunbekannter Name „q“
(90)	=4056800000000000
abs(atan2(wurzel(1),3))	=40326f58ce59e23c
(-b)>-max(1.)	=3ff0000000000000
min(7)	=401c000000000000
min(DECKE,b,360)	=0
min(1e3) )-100	E„)“ unerwartet
wenn(DECKE,0,-wurzel(l))	=0
(max(-1e3,2.5,-DECKE,GH^1.))	=40a64e0000000000
-atan2(--q>=min(1.),q)	Eunbekannter Name „q“
max((l<=pi),0.5,wenn(min(pi,l,b),(LICHT),(GH)) 3 )2 (a)	E„)“ erwartet
(wenn(min(0,45,0.1,90),360<q,1e3<DECKE))	Eunbekannter Name „q“
rund(wenn(.5,l,tan(LICHT))!=ab(l)<abs(rund((1e3))))	E„)“ erwartet
sin(0.1^a+-2.5!=-0.5<=7)	E„)“ erwartet
atan2(wenn(-.5,3>=q,GH),90)+wurzel(wenn(2.5,(pi),1+3))	Eunbekannter Name „q“
b/-1+GH	=40a64e0000000000
q*(atan2(0!=45,b==45)!=atan(min(LICHT,3,1e-3,q)))	Eunbekannter Name „q“
ab(b )45)	E„45“ unerwartet
GH-(1e3/LICHT)!=-3>=l	E„>=“ unerwartet
sin(0.5)==rund(2.5)>360	E„>“ unerwartet
ab(2.5)	=4000000000000000
(1e-3>-1)	=3ff0000000000000
DECKE/-a!=.5*(pi) )auf(90)	E„)“ unerwartet
((90)^100<q/atan(wenn(l,pi,.5))!=a!=-DECKE==(360))	E„)“ erwartet
atan2(atan2(wenn(1e-3,1e-3,DECKE),wenn(b^DECKE-q^GH,auf(2.5),-b>2)),.5-(1.))	Eunbekannter Name „q“
wenn(-DECKE,(LICHT),q)	Eunbekannter Name „q“
atan2((q>b)-wenn(2,l,360)<2.5>=q,q)	E„)“ erwartet
abs(1.)	=3ff0000000000000
l*45	=41007ac000000000
atan2(q-min((360),a)<a,-wurzel((b))<(b>45))	Eunbekannter Name „q“
ab(DECKE==pi)	=0
360/7	=4049b6db6db6db6e
3<=q^(1)	Eunbekannter Name „q“
-b )l==(GH)+1	E„)“ unerwartet
-atan(pi)	=c05215f733060feb
cos(90)*-1e3	=bd313c414de1e1df
rund(3^pi+GH!=.5>a*2.5)	E„)“ erwartet
abs(-rund(LICHT)!=(2.5<360))	=3ff0000000000000
(GH)==360<=2	E„<=“ unerwartet
sin((.5))+l*DECKE==90	=0
-(GH>b)^7	=bff0000000000000
360<=360==-DECKE	E„==“ unerwartet
rund(GH<=DECKE)	=0
(max(2,3))	=4008000000000000
(1<=7!=wenn(b,l,2.5))	E„)“ erwartet
atan2(pi,-1e3)!=q	Eunbekannter Name „q“
wenn(-wenn(90,LICHT,GH)>3,GH,-1+DECKE)	=406b600000000000
max(pi<360,pi==pi,rund(1.))^45 (1.>=cos(LICHT)	E„(“ unerwartet
min(q )1)<=rund(pi GH)	E„1“ unerwartet
ab(-max(.5)-1e-3==1.)	=0
sin(max(DECKE,GH,pi,pi)<0.1/GH)	=0
auf(wenn(DECKE,360,GH) wenn(1e3,q,-1))!=min(360+a,1,l)-DECKE	E„)“ erwartet
DECKE>b/360<=LICHT	E„<=“ unerwartet
auf(cos(0!=1e-3))	=3ff0000000000000
min(LICHT,abs(a),tan(-1),LICHT)	=bf91dfbd9410a422
pi<(pi<0.1)!=ab(DECKE<=0)	E„!=“ unerwartet
abs(45)^rund(wenn(0,2,pi))-min(wurzel(l))+(2.5 LICHT)	E„)“ erwartet
tan(b)	=0
((pi))	=400921fb54442d18
-q/-b<a/atan2(-1,pi)	Eunbekannter Name „q“
45>a*b!=3	E„!=“ unerwartet
max(DECKE+l<=q>DECKE,-1/a<=a l,-GH>tan(a),wenn(.5 )a,a^0.5,LICHT/DECKE)) (-1	E„)“ erwartet
((1e3!=45^wenn(GH,100,1.)*(1.==45)))	=3ff0000000000000
(1e-3)	=3f50624dd2f1a9fc
-0.5	=bfe0000000000000
wenn(0,45*b<3,atan(0.5))	=403a90a731a61dc4
wenn(a,pi,GH)	=400921fb54442d18
min(b+b)>pi	=0
atan2(-45,--360)	=c01c80044927fe83
LICHT!=b	=3ff0000000000000
ab(auf(1.))	=3ff0000000000000
abs(-cos(a<=b))	=3ff0000000000000
((0.1)/(GH))	=3f025d257685ad0a
wenn(0+DECKE,auf(a),1e-3 ,360)	Ewenn() mit falscher Anzahl Werte
max(-a,360,(b),3<a)	=4076800000000000
wenn(1e3,pi,q)	Eunbekannter Name „q“
atan2(ab(pi),atan2(-0.1,LICHT<=0))	=406642e839282674
-1 ,-1^1	E„,“ unerwartet
a/pi	=3fee8ec8a4aeacc4
(DECKE)<=GH DECKE<=45==45<=atan2(l,2)	E„DECKE“ unerwartet
wenn(ab((360^360)),-min(360+l,b),3/3--2 (wenn(90==.5,45,-1<=-1))	E„)“ erwartet
(2)>=(2.5)>=GH^l	E„>=“ unerwartet
1<LICHT	=3ff0000000000000
min(GH,2)	=4000000000000000
7<=atan2(min(auf(a),.5)!=max(q,a)*min(GH,3,DECKE),b/-q>=0.1)	Eunbekannter Name „q“
pi/2.5<90	=3ff0000000000000
wenn(auf((3)*0),LICHT,-(wurzel(q)))	Eunbekannter Name „q“
-wenn(wenn(a,q,1e-3)*LICHT,-q^45,(.5))	Eunbekannter Name „q“
(a)<=LICHT/0.5	=3ff0000000000000
atan2(1+GH/.5>=b .5,atan2(LICHT,atan2(1.,45)*min(q,7,1e-3)))	E„)“ erwartet
-GH*max(3,GH,pi,pi)!=(.5)<=max(3,3,DECKE) 0.1	E„<=“ unerwartet
DECKE>2.5	=3ff0000000000000
b>=1e3	=0
abs(b)<atan2(b,45)	=0
wenn(((b*l)),1e-3/l!=wenn(2,2,l)<=-(pi),GH)	E„)“ erwartet
rund(l)	=40a7700000000000
wenn(.5<l,DECKE*0,(1))	=0
tan(1e-3==3)<=GH	=3ff0000000000000
GH!=LICHT/(DECKE)	=3ff0000000000000
45 (3	E„(“ unerwartet
wenn(wenn(7,DECKE,q),atan2(2,b),-1.)	Eunbekannter Name „q“
-.5^b	=bff0000000000000
wenn(1e-3,LICHT,q)	Eunbekannter Name „q“
wenn(l,(LICHT),(LICHT))	=40a4960000000000
LICHT/l-wenn(GH,q,1e-3)	Eunbekannter Name „q“
(pi)	=400921fb54442d18
auf(max(max(1e-3),l,pi-q+-1)/--DECKE-DECKE)	Eunbekannter Name „q“
max(LICHT+3,auf(DECKE),90^DECKE)	EErgebnis ist keine Zahl
min(360,(45),atan2(GH<=pi,1),min(auf(.5),pi))^min(wurzel(a))^b	=0
q<=2	Eunbekannter Name „q“
3>=100!=wenn(LICHT,a,1.)	E„!=“ unerwartet
b-DECKE	=c06b800000000000
atan2(GH/1e3,a/l)==wenn(min(l,b,DECKE,-1),q,90/0.5)	Eunbekannter Name „q“
wenn(atan2(-pi*(0.1),rund(2>360)>=l!=GH ,0.1/q),l/cos(0) (-1>l<-0*100,1e3)	E„)“ erwartet
max(atan2(l,360+l))/tan(0.1!=1e-3)>=sin(GH<=.5)	=3ff0000000000000
atan2(45^a,100==GH)==max(wurzel(0.5),45,(DECKE))	=0
max((1),max(a,-1,1e3),1e3==7)	=408f400000000000
atan(l)==pi<=(0.1!=0)	E„<=“ unerwartet
wenn(a,pi,LICHT)>DECKE	=0
wenn(-0.1 )q<=b==1e-3/.5/-atan2(pi,7),wurzel(b (sin(auf(0))),(360+wurzel(0.5==DECKE)))	Ewenn() mit falscher Anzahl Werte
max(LICHT,1e3!=1e-3,-.5)	=40a4960000000000
ab(45-pi)==0.5+.5>=pi/DECKE	E„>=“ unerwartet
cos(q)==atan2(1e-3,0.1)>=min(0,1e3) ,-max(GH==.5,.5<45,l)	E„>=“ unerwartet
45*wenn(45,.5,360)	=4036800000000000
max(atan2(-pi!=GH,2.5!=DECKE)*l>1.==GH!=a,45*(wenn((0.1),q,rund(DECKE))))	E„)“ erwartet
(atan2(45^GH,wenn(GH,1,l)))	=4056800000000000
ab(wenn(wenn(l,360,q)>(1.) ,q*l/b,pi,atan2((2),-GH)))	Ewenn() mit falscher Anzahl Werte
((a>GH)*q/b-a<GH)	Eunbekannter Name „q“
auf(100)	=4059000000000000
(LICHT==-1)	=0
1e3<-1>1e-3 ,0.5*q<-LICHT	E„>“ unerwartet
-1-GH*(7)+max(GH,q)!=.5*0	Eunbekannter Name „q“
0.1>360/2	=0
1e-3>=wurzel(a) (GH	E„(“ unerwartet
atan2((q)!=-l!=-0.1<=auf(90),ab(3))!=1e-3	E„)“ erwartet
pi (45!=-atan2(1e-3==a,DECKE ,q)	Eunbekannte Funktion „pi“
atan2(-0.1 )90,min(1e-3,rund(100)))	Eatan2() mit falscher Anzahl Werte
a<=7*a*pi<pi-(GH)==wurzel(DECKE!=l)	E„<“ unerwartet
l<3	=0
-wenn(-1,q,a)	Eunbekannter Name „q“
0+100 )(GH)	E„)“ unerwartet
.5>=min(LICHT,GH)	=0
max(7,1.,q)	Eunbekannter Name „q“
l>LICHT<pi	E„<“ unerwartet
b*a-ab(1e3)	=c08f400000000000
(min(-90,max(1e3,l),DECKE,wenn(pi,90,pi)))	=c056800000000000
wenn(LICHT,tan(DECKE),0.1^2)>=.5!=2	E„!=“ unerwartet
-((GH))	=c0a64e0000000000
(atan(1e-3))	=3fad55deb25c05c6
GH (b	Eunbekannte Funktion „GH“
wenn((tan(1.-cos(-1))),(b),1e3)	=0
1e-3==atan2(90,q)	Eunbekannter Name „q“
wurzel(q)	Eunbekannter Name „q“
atan2(wenn(0.1<q,min(7,q,DECKE,q),-90)/l,min(3)+1e-3 ,pi+90)	Eatan2() mit falscher Anzahl Werte
wenn(wenn((pi),(q),a),min(0,45>=0.5>GH,(max(q,1.)),7-3),atan(cos(LICHT)*100--1))	E„)“ erwartet
a!=tan(0)	=3ff0000000000000
1 )a	E„)“ unerwartet
atan2(3,2.5)+0.1	=404925afd8b0dbe7
max(b,min(wenn(45,2.5,1),tan(LICHT)),(45*l),-1+360!=0.5)	=41007ac000000000
q>min(l>=2)-(-360)	Eunbekannter Name „q“
wenn(.5,-1,1)	=bff0000000000000
(GH/b)	ETeilung durch 0
wenn(1e-3,360,100) a==1e3	E„a“ unerwartet
(q==.5/pi)	Eunbekannter Name „q“
-2.5	=c004000000000000
(atan2((-pi),max(-GH,-.5,3 (q)))	E„)“ erwartet
min(abs(360!=LICHT),-1)	=bff0000000000000
wenn(1.,b,0.5<90)	=0
atan(1e3)+pi/0.1	=405e56f3ce7f0298
atan2(ab(wenn(-1,-1e-3,GH)),1 )DECKE>=min(GH))	E„DECKE“ unerwartet
90*a	=4070e00000000000
rund(LICHT)	=40a4960000000000
b!=(l!=1e3==1)<=auf((1e3-pi))	E„)“ erwartet
DECKE!=1e3	=3ff0000000000000
((sin(wenn(1e3,2.5,360))))	=3fa65547c4694e11
7<DECKE!=rund(LICHT)-atan2(0.5,0)^wenn(0.5,a,1.)	E„!=“ unerwartet
cos(90)==wenn((LICHT>=l)^wenn(45,a,pi) (1e-3),wenn((b),atan2(1.,100),(.5))+max(b^q,(b),-1.),min((wenn(2.5,360,7)),1e-3-DECKE/b))	E„)“ erwartet
abs(1e-3-45)/b==0.5 )1./b+l	E„)“ unerwartet
-wenn(LICHT>1.,45,1)>=rund(90<1e-3)	=0
-1/90*3	=bfa1111111111111
wenn((1.),wenn(l,b,pi),0.1<=a)	=0
-wenn(b,-1,q)^pi-b	Eunbekannter Name „q“
1.<a	=3ff0000000000000
atan2(2.5,b)^(LICHT)	EErgebnis ist keine Zahl
wurzel(b)	=0
100>=tan(0.1^1.)!=-pi==3	E„!=“ unerwartet
max(360,wenn((90)<(max(a,0.1,l,1e3)),LICHT!=b,0.1*(360)-auf(l)),b==(atan2(b,2)>=DECKE==1.),wenn((wenn(0,b,a)),(360 (3),tan(1-0.5))<=((1.>=-1)))	E„)“ erwartet
wenn(a,LICHT,l)	=40a4960000000000
.5>=LICHT>=q	E„>=“ unerwartet
LICHT-tan(-1!=q!=360*wenn(q,.5,1e3)>a)	E„)“ erwartet
DECKE>DECKE	=0
a<max((a),atan2(7,90),--1)+.5<=LICHT<=max(45/q^360^-1,max(l,wenn(90,1.,GH),(GH)))!=max(l==wurzel(0),wenn(7^b,min(GH),max(360,1,GH)),0/2.5>max(0.1))	E„<=“ unerwartet
-wenn(2.5 )1.,a )2.5,0+1e3)	Ewenn() mit falscher Anzahl Werte
-l+3	=c0a76a0000000000
(pi>b==1.)	E„)“ erwartet
90==q>atan2(360,(DECKE))	E„>“ unerwartet
-a	=c008000000000000
wenn(0,a,0) ,q-360==3<360-q	E„,“ unerwartet
min(b+3,LICHT^1.,l>b,min(pi,0.5,q))>=min(0.5)>tan(100)	E„>“ unerwartet
atan(min(l,atan2(7,DECKE))*(pi*1.))	=405405ec3376e6d8
(-1<GH)	=3ff0000000000000
-1+3>-LICHT	=3ff0000000000000
(100-0.1)+wenn(a!=l,(l),7)	=40a837cccccccccd
a^a	=403b000000000000
atan2(360+wenn(1e3^LICHT,(LICHT),LICHT)<100,q)	Eunbekannter Name „q“
(DECKE)-(pi)	=406b1b7812aeef4c
min(2,90,1e-3)	=3f50624dd2f1a9fc
wenn(90,b,360)	=0
-wenn(b,a,DECKE)*-1.-.5*q	Eunbekannter Name „q“
(LICHT) ,wenn(max((1e-3),-.5),(q>a),(atan2(q,DECKE)))	E„,“ unerwartet
1-cos(1.)	=3f23f680a5076000
wenn((100==0),-DECKE,(DECKE>7))<=tan(7/100+3)	=0
LICHT*q	Eunbekannter Name „q“
wenn(.5==45,rund(pi),(45))	=4046800000000000
wenn(GH,ab((0.1)),(min(360)))*l	=0
2!=pi	=3ff0000000000000
atan2(-1!=atan2(2,a)--atan2(LICHT,360)-(rund(LICHT)),.5==auf(360)<atan2(LICHT,atan2(7,45))<=tan(b (2.5)>=1e-3>LICHT<=-0.1)	E„)“ erwartet
-cos(l^360)<l	=0
abs(wenn(-min(1,b,1.),auf(45),tan(wenn(l,100,pi))))	=4016af648056a138
min(l,(1e3),90)>atan2(cos(GH),45)<--1>=1e3	E„<“ unerwartet
DECKE<=b>=0.5	E„>=“ unerwartet
atan2(q,90)^7<q>a^-wenn(wenn(2,.5,DECKE),pi,1.)!=(0.1)>=(min(l,q,pi))>=100 ((pi)	E„>“ unerwartet
wenn(max(360,wenn(1e-3,q,45),LICHT^1)>=(45)*max(LICHT,1e-3,1e3),wenn(2>=pi^DECKE,sin(max(90,LICHT,0,pi)),b),max(DECKE))	Eunbekannter Name „q“
sin(max((min(LICHT)),-1))	=3fed0079302dd770
(sin(0.1))!=a/100+0^ab(rund(1))!=(7)	E„!=“ unerwartet
min(GH,1,GH,ab(90))	=3ff0000000000000
7>=GH	=0
-1e3-a	=c08f580000000000
wurzel(atan2(max(3,b,a,3),-.5))	=4023f237868574d8
-a-(q)	Eunbekannter Name „q“
3*max(wenn(7,(abs(q)),--7),l>atan2(pi<90,GH^360),a)	Eunbekannter Name „q“
-min(pi)!=l<0.1	E„<“ unerwartet
-atan2(pi,360)/b	ETeilung durch 0
l>100*pi==0.5+2.5*1e3<b (.5<=ab(0)/1>=q	E„==“ unerwartet
atan2(GH (DECKE,(q))	Eunbekannte Funktion „GH“
cos(7==b)	=3ff0000000000000
-wenn(a,a,45)/2>pi!=.5	E„!=“ unerwartet
ab(1)^atan2(DECKE,3)!=ab(0.5>a)	=3ff0000000000000
-atan2(3,l)	=bfad55deb25c05c6
wurzel(GH)	=404ab75254a02ac6
atan2(-(100)+(7),max(rund(l)))!=-1<atan2(0,sin(-1<q))	E„<“ unerwartet
wenn(DECKE>b*q,1.*360!=LICHT,DECKE^90*(1e3))+auf(DECKE)>=b<=pi -l!=wenn(b,1.,DECKE)	E„<=“ unerwartet
-GH+GH	=0
wenn(pi,atan2(pi,1e-3)==DECKE (a,wurzel(pi))	Eunbekannte Funktion „DECKE“
-(1e3)	=c08f400000000000
-2.5>q!=LICHT!=b*DECKE<=DECKE<=--DECKE>=45>90	E„!=“ unerwartet
b==l<=1.-atan2((7),1e-3 LICHT*atan2(100,a))	E„<=“ unerwartet
wenn(atan2(wenn(0,tan((100)),0),q^(wurzel(GH))),tan(-1)+atan2(q,1),min(0,tan(-1)==q!=DECKE^wenn(100,LICHT,l)>=wenn(pi,.5,q),q))	E„)“ erwartet
wenn(DECKE,q,2.5)	Eunbekannter Name „q“
wenn(b==0,atan2(l,GH),-45)	=404735964accd3d5
GH )b	E„)“ unerwartet
wenn(LICHT,100,-3)>=l	=0
max(atan2(l,GH))	=404735964accd3d5
----90 (q	E„(“ unerwartet
wenn(0,0,100)	=4059000000000000
3>(360^q)	Eunbekannter Name „q“
(wurzel(DECKE))	=402daa2fefaae1d8
atan2(q>(100)+wurzel(a)==pi q,(360-wenn(DECKE,1e3,GH)))	E„)“ erwartet
max(0,l,3,DECKE)!=tan(2)	=3ff0000000000000
a*wurzel(abs(DECKE))	=40463fa3f3c02962
7<=DECKE*atan2(sin(q),LICHT 2)/-b	E„)“ erwartet
(wenn(2.5--l 3,wenn(100,GH,90) ,(2) DECKE,a))	E„)“ erwartet
q+90!=a>=(pi)	E„>=“ unerwartet
GH<=0	=0
rund(atan2((90),2)) ,-1e-3 ,.5>=min(0.5 )7,(l),wenn(2,100,q),-0.5)	E„,“ unerwartet
-2.5*a<=360==100 )(1e3*DECKE)	E„==“ unerwartet
tan(GH<=wenn(q!=DECKE,0.5>=a,atan2(LICHT,l)))	Eunbekannter Name „q“
(abs(GH)==-q)^90	Eunbekannter Name „q“
atan((.5)-q)<=.5	Eunbekannter Name „q“
wenn(auf(sin(3)+l<=0.5/(3)),atan(min(a<a<-GH,rund(pi),q)),(45))	E„)“ erwartet
atan2(1e-3,pi)	=3f92aceedfea6c96
min(1,b,1.)	=0
atan2(2.5,DECKE)	=3fe4d57c9419d2af
LICHT^b	=3ff0000000000000
(GH ,3)	E„)“ erwartet
(atan2(pi+3<2.5,auf((q))))	Eunbekannter Name „q“
wurzel(1e-3/.5)	=3fa6e5b7d16657e1
1<=(a)	=3ff0000000000000
wenn(max(90!=360,-360),wenn(b,90,LICHT)<=b==GH,atan2(abs(GH),tan(GH)))	E„)“ erwartet
min(q^LICHT,(b)<max(pi,a,b),360,ab(min(.5,l,90)))	Eunbekannter Name „q“
atan2(45,wenn((100),LICHT>1e3,wenn(2.5,.5,0.5)))	=40562e86ad1841ef
100>=.5<360	E„<“ unerwartet
atan2(q,max(LICHT,DECKE^0,q))	Eunbekannter Name „q“
min(wenn(1,pi,1))	=400921fb54442d18
max(max(l,90,l,2.5)<=7<1.^b,LICHT,1e3/tan((l)),tan(((360))))	E„)“ erwartet
wenn(.5,0.1,b!=q)	Eunbekannter Name „q“
atan2(tan(sin(LICHT))-max((pi),cos(q)),wenn(abs(l!=45),-100 (GH+pi,tan(1.!=pi)))	E„)“ erwartet
-a+0==(pi)	=0
b (abs((atan2(90,DECKE)))+100^max(atan2(1e-3,LICHT))	Eunbekannte Funktion „b“
-90	=c056800000000000
auf(auf((--1)))	=3ff0000000000000
wenn(0.1,a,pi)	=4008000000000000
max(q!=pi,pi/DECKE,100,1e-3<l)	Eunbekannter Name „q“
(pi<0)	=0
min(q<abs(2)==q/360,wenn(rund(1e3),2.5*a,(b))+0.1,max(sin(GH),0) (wenn(7,wenn(1,0.5,1e-3),GH),-1e3)	E„)“ erwartet
(min(wenn(b,0,90),min(3,45,0.1,DECKE),rund(pi)))<cos(abs(7))/-min(-1,pi,LICHT,q)	Eunbekannter Name „q“
-3 (7)	E„(“ unerwartet
1.==a	=0
ab(1e3/LICHT)	=0
-b<LICHT	=3ff0000000000000
wenn(DECKE,DECKE,2.5)/cos(l)	=c07b80000000003b
(LICHT)/pi==1e3>=0	E„>=“ unerwartet
-a>wenn(3,(2),1e3)+-wurzel(1e-3)	=0
pi!=1e-3	=3ff0000000000000
max(GH,min(1e3,l 1,360,2.5),(0)!=max(LICHT,pi),q)	E„)“ erwartet
abs(1)	=3ff0000000000000
((a))	=4008000000000000
atan2((atan2(1,DECKE)),2.5)	=4017c9faeb33c130
-((LICHT!=360)==90>=a*GH)	E„)“ erwartet
-2.5-45/(a)*auf(1e3<l)+wenn((3),45,2.5)==-wenn(a,LICHT,a)	=0
ab(q)*(GH)	Eunbekannter Name „q“
auf(wenn(l,45,DECKE))<=tan(2.5!=3)	=0
-GH+1+a	=c0a6460000000000
-1*LICHT	=c0a4960000000000
cos(ab(wenn(1e3>=pi,2,(l))/7+(DECKE)))	=bfe8836fa2cf503a
-wenn(1*pi,q,atan(pi))	Eunbekannter Name „q“
-wenn(2.5>=45,tan(pi),pi+GH)!=(min(1.,l)>=360)	=3ff0000000000000
cos(LICHT)	=bfdb0c2d7737982e
wenn(GH,-LICHT/1e3,(.5))>=atan2(wenn(1.,LICHT,0.5)<min(DECKE,a),-1)	=0
atan2((1),DECKE)	=3fd0aaf18e227f61
atan2(min(DECKE,l,-1,1e3),(.5))	=c04fb7ac672cf11d
cos(DECKE+(GH))	=bfeee8dd4748bf1e
q<=-100	Eunbekannter Name „q“
auf(min(wurzel((360)) )1.--q))	E„)“ erwartet
((atan2(q,100))<=rund(-q)>=-tan(max(b,a)))	E„)“ erwartet
100--1	=4059400000000000
LICHT*min(sin(a),1. )q)	E„q“ unerwartet
sin(q) ,wenn(-1,GH,LICHT)	E„,“ unerwartet
360^1.-abs(DECKE!=auf(0))<a>360*pi<=atan2(pi>=GH,-0.1)	E„>“ unerwartet
(atan2(a,l)==(b))	=0
wenn(rund(pi)/(-7),LICHT (90,wurzel(0))	Eunbekannte Funktion „LICHT“
45 )pi	E„)“ unerwartet
wenn(1.-LICHT*90==7/(cos(q)),max(tan(LICHT>=3),-2,-pi+(l)),(wenn(pi,45+l,cos(l))))>45<ab(1e-3)<wenn(wenn(2.5,0,GH),7,0.1*2.5)	E„<“ unerwartet
ab(a>=0.5)	=3ff0000000000000
(GH)^((DECKE==3))	=3ff0000000000000
wenn(LICHT^(GH),l>=l-GH>0.5,-pi)	E„)“ erwartet
0.5*pi	=3ff921fb54442d18
rund((DECKE))	=406b800000000000
(360!=1.<2!=0.5)-atan2(l==LICHT,1^LICHT)!=0.5	E„)“ erwartet
min(q)^--1	Eunbekannter Name „q“
max(DECKE,b)	=406b800000000000
((.5>=l))	=0
(atan2(GH,0.1))	=40567fdf1ea13f6c
wenn(max(0)*wenn(a,l,GH)<b,((GH*l)),min(auf(100))==360)	=0
3>GH	=0
-1+.5	=bfe0000000000000
1.>=(LICHT)	=0
ab(0.5>LICHT)	=0
-wenn(DECKE,b,q)	Eunbekannter Name „q“
q>=3<1e3 )b	E„<“ unerwartet
wenn(2.5<GH*360,(3)+90,l atan(1e3))*0.5	E„)“ erwartet
wenn(sin(l-.5-pi==-(pi)),atan(((a) ,sin(pi))),(rund(45))<=3>=0.1^90+3<=l!=DECKE)	E„)“ erwartet
sin((wenn(min(b),-1 (l,a!=360)^0))	E„)“ erwartet
l>90	=3ff0000000000000
b*-pi	=8000000000000000
min(wenn(1,wenn(-1!=b,pi,cos(-LICHT)),wenn(max(0.5,LICHT,DECKE,q),wenn(pi,LICHT,1),b!=b)>max(DECKE,LICHT)))	Eunbekannter Name „q“
wenn(GH,l,pi)	=40a7700000000000
min(100,0.1,DECKE)	=3fb999999999999a
wenn((GH ,45),-(DECKE==GH),DECKE)>=pi	E„)“ erwartet
-(90)^rund(wenn(GH,b,.5)==1.+1.)	=bff0000000000000
max(wurzel(0.1^l+b>=(1)),wenn(wenn(wenn(wurzel(2.5),wurzel(DECKE),-l),wenn(atan(1e3),-0,pi-2.5),wurzel(-1 LICHT)),atan2(3!=0.1<=l+DECKE,GH),GH+.5!=(GH)*l/pi*1))	E„)“ erwartet
-1^q^min(b,DECKE,2,0)	Eunbekannter Name „q“
0.1!=2.5	=3ff0000000000000
7<=1e3<=-b ,wenn(abs(pi),LICHT,2.5<=l)*100 )90 (q)>(LICHT)+1e3+1	E„<=“ unerwartet
max(b)!=DECKE-b	=3ff0000000000000
wenn(a<abs(1),q+GH!=3-GH,GH-q^1.>=a)>q	Eunbekannter Name „q“
pi==90	=0
wenn(360,((l)),1e3/a==b<=100)	E„)“ erwartet
1e3<GH>=atan(2)	E„>=“ unerwartet
-wurzel(1e-3)	=bfa030dc4ea03a72
min(.5,atan2(max(-0.5),100!=GH+auf(b)))	=c03a90a731a61dc4
7!=90	=3ff0000000000000
(0<atan2(l,0.1))	=3ff0000000000000
1e-3<=wenn(pi,pi,DECKE)	=3ff0000000000000
100/auf(360)>(atan2(LICHT,2<=b))	=0
a*min(wenn(min(360),0.5!=q,b))	Eunbekannter Name „q“
1!=a	=3ff0000000000000
1e3^2	=412e848000000000
(.5+3)	=400c000000000000
(.5)<2 q	E„q“ unerwartet
1<(l!=0.5<1) )(DECKE)>atan(-2)	E„)“ erwartet
wenn(max(a<=GH,-DECKE,.5),wenn((GH),abs(360),2.5 ,0),sin((q)))>=0.1-7>abs(l)	Ewenn() mit falscher Anzahl Werte
wenn(DECKE,0,90)	=0
(wenn(.5*-1/-DECKE,GH<auf(100),LICHT-(LICHT))<atan2(LICHT,90>=90))	=3ff0000000000000
wenn(7,GH<90!=LICHT^1.,1e-3)	E„)“ erwartet
atan2(wenn(b,pi,90),(q))	Eunbekannter Name „q“
0^-1/pi	EErgebnis ist keine Zahl
.5==atan2(LICHT,1) (l>LICHT^cos(2)/0.1>auf(atan2(0.5,0)^1e-3/LICHT)	E„(“ unerwartet
-LICHT!=.5+-1^atan2(pi,atan2(ab(a)^(90),abs(0.1/1e3)))	=3ff0000000000000
-wenn(GH,atan(.5<-1),min(wenn(1,pi,.5),2,-DECKE,l--1))	=8000000000000000
a!=q	Eunbekannter Name „q“
atan2(DECKE,0.1<max(7,7) )GH*b)!=q	E„GH“ unerwartet
a>LICHT	=0
-0.5*.5-b<GH!=-1.	E„!=“ unerwartet
cos(LICHT<a<1.>q==LICHT)+3	E„)“ erwartet
DECKE-LICHT>l<=LICHT-DECKE>=(3)	E„<=“ unerwartet
--l	=40a7700000000000
(wenn(2,1e-3,0.1))^a>=0<=l	E„<=“ unerwartet
b q	E„q“ unerwartet
(max(-45 (LICHT)!=wenn(rund(pi),b+q,DECKE)<=3)	E„)“ erwartet
90 ,LICHT	E„,“ unerwartet
wenn(LICHT,b,3*90^360+DECKE+atan2(45,wenn(GH,0.5,l))>=wenn(l,-LICHT,a)-(-1) )(GH))	E„(“ unerwartet
0.5^GH	=0
-(LICHT)^DECKE>GH==-90>=min(45,atan2(0.1,LICHT),-1e3,-DECKE)/max(DECKE,(0.5 )360+2))	E„==“ unerwartet
wurzel((max(atan(GH),atan2(LICHT,DECKE),b,l)))==l==pi/b>0.5+max(wenn(1e3,GH,45),-1<=1e-3)==(atan2((1.),wenn(q,-1,90)))	E„==“ unerwartet
min(b+-1,wenn(a,pi,l),b,pi>LICHT)	=bff0000000000000
wenn(2*DECKE>tan(2),-l*90,sin(wenn(0.1,a,2)))	=c1107ac000000000
ab(GH<=360)	=0
0<l	=3ff0000000000000
-1.+pi	=400121fb54442d18
(-q 0.1)	E„)“ erwartet
-atan2(-100 tan(b),DECKE)	E„)“ erwartet
max(ab(b),0.5>=GH)*abs(min(pi))	=0
-(45)	=c046800000000000
(max(min(.5^GH),(45)-2,360>1.>pi))	E„)“ erwartet
(-(3))	=c008000000000000
wenn((--1==l)<=wenn(.5,tan(0),-a),(ab(GH)!=max(90)),wurzel(atan2(0.1,GH)>=45))	=3ff0000000000000
a==3	=3ff0000000000000
tan(45)	=3fefffffffffffff
-1+(3)	=4000000000000000
wenn(3,-GH,(l))	=c0a64e0000000000
(wenn(GH,2.5,1))	=4004000000000000
ab(3<-1)	=0
wenn(-wenn(q,0,LICHT)==atan2(pi,q)^-1.,max(min(pi,l,100,2),(1))^(sin(a)),min(q) 3>b/max((DECKE),2<=DECKE,q/b,(GH)))>=2/2.5	E„)“ erwartet
wenn(90>=a,(DECKE),pi==l)	=406b800000000000
45 ,.5<0>=3-sin(0.1)	E„,“ unerwartet
sin(wenn(q,DECKE,LICHT)>b)	Eunbekannter Name „q“
wenn(0,b,90)-min(LICHT,q)	Eunbekannter Name „q“
max(a,1e-3)-max(l,45)	=c0a76a0000000000
min((GH),360>-1<atan2(0,7) ,2.5*1e-3,max(45<-1-pi))	E„)“ erwartet
(GH)+rund(GH)	=40b64e0000000000
a+45	=4048000000000000
ab(a)	=4008000000000000
atan2((sin(auf(b))),wenn(a,(45),sin(a)))	=0
wenn(1e3,1,(--1<=b ,GH))	E„)“ erwartet
max(DECKE,a,100)	=406b800000000000
(2)==45-pi!=max(pi,1e3,GH)<DECKE	E„!=“ unerwartet
GH<=pi	=0
0.5+rund(DECKE)==GH	=0
-90>1!=--LICHT	E„!=“ unerwartet
l>1	=3ff0000000000000
100>0.5^wenn(360,3,3)	=3ff0000000000000
-rund(100>1e3)==-1>min((a),7,l^a,(pi)) ,GH*ab((DECKE*1))	E„>“ unerwartet
auf(3^b+(GH)/(360!=a))	=40a6500000000000
wurzel((DECKE/l))<0>45!=wurzel(0.5)-rund((2.5))	E„>“ unerwartet
-(360>=(l)^cos(GH))	=8000000000000000
min(auf(wenn(wenn(wenn(1e-3,DECKE,-1),DECKE>LICHT,atan2(DECKE,-1)),-1,atan2(q,l)+a!=360)),-1e3^(-360))	Eunbekannter Name „q“
45==wenn((0.5)>1e3,b,DECKE) ,a^-1e3>=2	E„,“ unerwartet
1e-3^360	=0
--q	Eunbekannter Name „q“
wenn(100<1,wurzel(360),-DECKE)<sin(GH)^-LICHT!=(max(pi*GH,2^l,0.5>=DECKE))/100==90<=(2) )-.5-0<=max((GH)--1e-3,(abs(LICHT)))	E„!=“ unerwartet
max(b<=GH,1>=0,1e-3,7==1.)	=3ff0000000000000
ab(max(1e-3,1e3*GH,pi<q))>q	Eunbekannter Name „q“
min(-l!=(a),q>=pi,-(DECKE),-b*b) wenn(max(q,3,LICHT),ab(90),rund(pi))/auf(.5)	E„wenn“ unerwartet
atan2(0.1+wenn(LICHT,q,DECKE),(cos(2)))	Eunbekannter Name „q“
0.5*abs(7)==(LICHT)	=0
q<rund(0.1)>(45^LICHT)<=(cos(GH))	E„>“ unerwartet
tan(2)*3^90==l LICHT 1+-1^(atan(3>2==1e3))	E„LICHT“ unerwartet
wenn(atan(min(a,b,DECKE)),atan2(2.5,pi)/90,wenn(q,q,45)>=q)*0.1	Eunbekannter Name „q“
LICHT!=q	Eunbekannter Name „q“
-q ,a*b-DECKE ,GH==max(LICHT)-b^wurzel(DECKE==pi)	E„,“ unerwartet
auf(3<=1e3)	=3ff0000000000000
atan2(0<=GH+(b)>atan2(LICHT*90,l),90)	E„)“ erwartet
wenn(q,3,GH)	Eunbekannter Name „q“
atan(pi)-360	=c071fa82333e7c05
atan(q)	Eunbekannter Name „q“
wenn(1e-3+100^2-45,(LICHT),wenn(2.5--1,2.5*b,GH-LICHT))	=40a4960000000000
wenn(-auf(LICHT+.5)!=pi,-min(q!=q,max(l),0.1*b)==l,(wenn(min(LICHT<=GH,(7),wenn(0.5,LICHT,l),1.),abs(GH)!=-GH,-pi/LICHT!=2)))	Eunbekannter Name „q“
cos(abs(0)<=0<=0)>min(2.5,q>-90,-DECKE,pi-45)-(pi)/min(1e-3,b>=(a),pi)	E„)“ erwartet
auf(45/pi)!=tan(b)/ab(rund(1e-3==a))	ETeilung durch 0
atan(1e3)^-abs(2)+0.5!=wenn(min(.5,1.),atan(LICHT),atan(LICHT))>wenn(7 )0.1,-45,b)==min(.5,7,2,a)!=0.5>GH>=0.5	E„>“ unerwartet
-abs(rund(b))	=8000000000000000
min(2,a,l,100)*l>=pi	=3ff0000000000000
wenn(b*DECKE,min(1.,3,90),-0.5)<3!=100>a>wenn(DECKE,b,LICHT)^atan2(l,q) (min(-1>2,0.1>a,1e-3<0.5,atan(q))	E„!=“ unerwartet
(pi+(2.5)/b )(100))	E„(“ unerwartet
(atan(pi))!=wenn(min(DECKE,2.5,b),2.5*1.,7)/ab(1e3 (l)	E„)“ erwartet
1/DECKE	=3f729e4129e4129e
ab(atan2(LICHT,DECKE>=7))	=4056400000000000
--360-1e3-abs(2.5^q-DECKE)+wenn(1,l,1e-3) DECKE^GH==3<=360!=DECKE (wenn(q,1e-3,q)<=-7^(auf(1))	E„DECKE“ unerwartet
--pi==q!=-1	E„!=“ unerwartet
1e3==45	=0
1e3*b-1e3<=wenn(45,LICHT,min(360,q,45,q))	Eunbekannter Name „q“
min((1.),a<=DECKE)	=3ff0000000000000
min(GH,a,q,GH)	Eunbekannter Name „q“
abs(90)	=4056800000000000
l*1./atan(DECKE)	=4040b70c89cd492a
wenn(7,0,GH)==(100)>LICHT	E„>“ unerwartet
wenn(q,min(a),sin(0.5))	Eunbekannter Name „q“
wenn(0.1,2.5,360)<2.5^1.	=0
pi!=--q<rund(q-l)+1e3	E„<“ unerwartet
wenn(-1,q>=2.5,-1>=45)	Eunbekannter Name „q“
-1.>360^q	Eunbekannter Name „q“
(GH-GH^0.5!=b==1e-3!=360>-rund(360==q))	E„)“ erwartet
wenn(2.5==45,q<pi,90<DECKE)	Eunbekannter Name „q“
l!=1e3	=3ff0000000000000
tan(DECKE)	=3fead9e7783fbf1d
rund(q)	Eunbekannter Name „q“
atan(auf(pi))	=4052fdae2fe0a3fb
rund(-7-45)	=c04a000000000000
wenn(LICHT,wenn(wurzel(wenn(90+a,1e3,-1<=360)),3,tan(min(pi,100,q,-1))<abs(360)>=1e-3/DECKE),DECKE)	E„)“ erwartet
min(1e3,2.5,2.5,.5)<=-100-1.	=0
1.*0.1/DECKE	=3f3dca01dca01dca
wenn(max(a<=2),45*1/0.5<l,-LICHT)<LICHT<=2!=-l>=-0.5==a	E„<=“ unerwartet
b (l/q!=atan2(100,1.)	Eunbekannte Funktion „b“
rund(wenn(1.,l,7)>3)	=3ff0000000000000
atan((b))>=-100*a (wenn(pi,q,atan(q==1e-3))	Eunbekannte Funktion „a“
DECKE<=360	=3ff0000000000000
max(((1)),atan(wenn(GH,DECKE,GH)))^l/(1)^1!=-wenn(90,90,45)==1./2.5<-1	E„==“ unerwartet
(q)/1-0.5 auf(l)	E„auf“ unerwartet
GH-1	=40a64c0000000000
pi>1	=3ff0000000000000
l-2	=40a76c0000000000
ab(atan2(wenn(2,l,-1),min(0.1)))+(0.5)	=4056600000000000
-7-GH	=c0a65c0000000000
-2.5<=1	=3ff0000000000000
2==wenn(atan2(DECKE,45),auf(0.5>b-7),q)	Eunbekannter Name „q“
min(wenn(0.5,0,3),360<=1,(a))+pi>auf(b+3)	=3ff0000000000000
-1e3<=tan(GH) ,-90>1	E„,“ unerwartet
2.5/min(0.5,90)<=--2	=0
45!=LICHT	=3ff0000000000000
wenn(abs(b),1e-3,b==GH) ,0.1 )a*45<pi==1.	E„,“ unerwartet
GH>b	=3ff0000000000000
.5>=DECKE<3<(wenn(1,q,1e-3))	E„<“ unerwartet
--1<2.5>=100==wenn(DECKE<1.,0.1,LICHT+2)	E„>=“ unerwartet
pi*0.1/90-rund(2.5)^wenn((45-GH),0.1,-wenn(100,LICHT,45))	=bff1cd57c0aaacda
auf(a>=2.5)	=3ff0000000000000
sin(LICHT)	=3fed0079302dd770
a (pi	Eunbekannte Funktion „a“
sin(max(wenn(b,DECKE,a),1^100,0,q/100)==-1)	Eunbekannter Name „q“
GH GH	E„GH“ unerwartet
ab(wenn(atan2(100,GH),DECKE,(0.1)))	=406b800000000000
min(360,1e-3,a)	=3f50624dd2f1a9fc
a-1e-3	=4007fdf3b645a1cb
max(b+1.)	=3ff0000000000000
-1.<=GH/1e3 )360+2	E„)“ unerwartet
cos(q)	Eunbekannter Name „q“
-max(abs((GH)),min(l,b,1e3,l)-1.^100,atan(wenn(q,a,q)))	Eunbekannter Name „q“
GH-atan2(360,q)==1e3<=pi!=DECKE*(l>1.<=atan(DECKE))	E„<=“ unerwartet
atan2(wurzel(DECKE+b)/cos((DECKE)),min(GH,1e-3!=1==q*2))	E„)“ erwartet
(a)>=45/GH	=3ff0000000000000
-DECKE (b+3	Eunbekannte Funktion „DECKE“
(GH>=-90==(q))	E„)“ erwartet
(1e-3)/a!=ab(wenn(b,-1,1e-3))	=3ff0000000000000
(-min(-GH,2.5 (0.5,100-1)!=1.+wenn(100,b,1e-3))	E„)“ erwartet
2 ,-3 ,a	E„,“ unerwartet
(LICHT==l<=a!=2)	E„)“ erwartet
wenn(wenn(q,0.5,7)<(100)^a,b,max(atan2(atan2(LICHT,LICHT),-1!=a)))	Eunbekannter Name „q“
0/LICHT	=0
min(atan2(.5,2)/l)	=3f732a05ce26d3c0
wenn(360^1,q==b,max(q,LICHT,360))	Eunbekannter Name „q“
(GH*GH)>=-DECKE!=a	E„!=“ unerwartet
DECKE+max(pi,GH*1e-3,(l))+sin(tan(90*3))>=(wenn(-LICHT,a+DECKE<=1e3,a!=1.))	=3ff0000000000000
max(max(atan2(1e-3,DECKE))-b^b/pi,sin(GH),3,tan(atan2(7>wenn(.5,pi,.5),wurzel(max(-1,1e3,2.5)))))	=4008000000000000
GH<a	=0
wenn(abs(0.1)+wenn(2,LICHT,360)>GH-360,(DECKE!=90>=360<=l),q^DECKE/atan2(LICHT,a)*pi)	E„)“ erwartet
1.^pi	=3ff0000000000000
sin(wenn(l,LICHT,45))*atan2(-2.5,pi)>=-DECKE	=3ff0000000000000
max(DECKE,pi)!=1	=3ff0000000000000
(7/-l==l)	=0
(min(45!=1,rund(q)))!=wenn(atan2(GH,45),-1,(7)) (max(l)>=pi/LICHT	E„(“ unerwartet
pi^l+LICHT	EErgebnis ist keine Zahl
-0.1<2.5	=3ff0000000000000
--7>1.	=3ff0000000000000
7<=-1>=0.1	E„>=“ unerwartet
-(b)	=8000000000000000
min((atan2(2.5,100)),(3),auf(wenn(pi,2,l)),DECKE<=1e-3*-a)	=0
cos(atan2(90,LICHT))!=l	=3ff0000000000000
90!=abs(max(3))/min(b!=DECKE,wurzel(0.5))	=3ff0000000000000
wenn(7,360,a)+(DECKE)	=4082200000000000
(a)-a<(45)==2	E„==“ unerwartet
auf(l)	=40a7700000000000
(-1)!=GH	=3ff0000000000000
min(LICHT)/360	=401d471c71c71c72
atan2(1.,atan2(wenn(wenn(-1,LICHT,DECKE),45-GH,min(-1)),wurzel((LICHT)))/max(3,max(tan(DECKE),LICHT/DECKE,wenn(1e-3,2,3),wenn(q,7,7)),LICHT,atan2(LICHT-360,-2.5)))	Eunbekannter Name „q“
LICHT 360	E„360“ unerwartet
atan2(1e-3,b)	=4056800000000000
sin((0.1-1e-3)<=360)<=wenn(b,wenn((b^1),-100,7*DECKE==1.),max(360>=sin(1.),atan2((.5),1.),pi/2/360,1e-3<GH==.5))	E„)“ erwartet
atan2(90,0.1*GH<=0.1/atan2(l,45))	=4056800000000000
pi!=b^-LICHT	=3ff0000000000000
(1e-3>100)	=0
atan2(a/wenn(l,a,7),45)	=3ff45e54b9ef844c
wenn(90,0.1,b)	=3fb999999999999a
pi 360	E„360“ unerwartet
(cos(90))	=3c91a62633145c07
tan(max(1.,45,-1,2.5-1>0.5>=0.1)>abs(((DECKE))))	E„)“ erwartet
7-wenn(-0,(-1)^0.5,q)!=b>=LICHT==ab(1.)==90==-1	E„>=“ unerwartet
(0)==GH	=0
atan2(a/1,-l)	=40667e2aa214da40
((45>=a))	=3ff0000000000000
sin(-a)	=bfaacbc748efc90e
2>=1e-3 ,a!=(2.5-.5)>=(3)*1.	E„,“ unerwartet
360+.5!=1e-3==atan(2)	E„==“ unerwartet
-b!=b+0.1+a	=3ff0000000000000
(wenn((100),3<pi,LICHT))	=3ff0000000000000
rund(pi*a)	=4022000000000000
wenn(1.,(q),(q))	Eunbekannter Name „q“
tan(min(DECKE==GH,wurzel(b)))	=0
0.5>1e3	=0
min(2,-1,100,360)>(b)>atan2(atan2(DECKE,q),auf(360))	E„>“ unerwartet
atan2((2),wenn(a,1.,2))-wenn(100,2,-1)-(0.5) ,l-auf(l)<=atan2(b,pi)^min(atan2(b ,LICHT<=-1,q>wenn(q,0.5,3)),wenn(auf(atan2(0.1,l)),b<LICHT^1.>=2,(atan(1e3))),((b))*wenn(atan(100),LICHT,(DECKE)),min(auf(1. (1.)))	E„,“ unerwartet
tan(a>rund(2))	=3f91dfbd9410a422
abs(0-2^100<=pi*min(wenn(GH,DECKE,l),pi!=3,3/GH))	=3ff0000000000000
GH ,wurzel(1e-3>GH^cos(100))	E„,“ unerwartet
wurzel(100)<=atan2(b,DECKE>b)^2*b^90>=.5>=2.5	E„>=“ unerwartet
b-b	=0
-DECKE+(-1)	=c06ba00000000000
max(b/DECKE)	=0
(tan(pi))	=3fac1a099d728895
rund(-DECKE<b)	=3ff0000000000000
wenn(atan2(atan(2.5)<=a<q,.5 )2.5-1.-100)+wenn(DECKE*7,1e3,ab(q))-pi,0.5!=-1e3-b!=q,((atan2(45,q)))*a)	E„)“ erwartet
atan2((-pi),(b))	=c056800000000000
tan(0)	=0
atan2((90),DECKE*2)	=40271ec976a54bae
(cos(DECKE)+pi)	=4003011f6b90590a
atan2(min(100,q,1e3,1.),q!=0.5)	Eunbekannter Name „q“
max(-LICHT-pi,min(wenn(pi,b,q),(7),wenn(3,DECKE,1e3),max(2.5,-1)),-2^l,1e-3>-1-a)	Eunbekannter Name „q“
(-wenn(1e-3,0.1,GH)==atan2(cos(360),GH+DECKE)/-GH+LICHT!=b>l-0)	E„)“ erwartet
wurzel(b==LICHT==-3)	E„)“ erwartet
.5==2.5	=0
auf(atan2(q>2,2.5 ,q))	Eatan2() mit falscher Anzahl Werte
wenn((b),atan(b),wurzel(1e3))*-1>sin(.5<atan2(DECKE,1))	=0
wenn(45,atan2(-1!=a,0.1),((2)))	=40551285a45c6b55
-rund(GH)+1.==3	=0
DECKE/DECKE	=3ff0000000000000
(90<abs(2))!=wenn(-wenn(0,a,90),wurzel(100/pi),wurzel(a)>DECKE==90)	E„)“ erwartet
min(min(a,100,100),tan(1e3),l<b,(q))==GH>-(2) (q^100	E„>“ unerwartet
atan(((LICHT)))>wenn(q,a,1e-3)+max(b)<(360)	E„<“ unerwartet
0.5-wenn(LICHT,-1,DECKE)>wurzel(0.5)	=3ff0000000000000
atan2(3,3)^1.	=4046800000000000
atan2(7,0*360<wenn(0,1e-3,GH))	=405477ac672cf11e
min(-1 )b,0.5,GH*90*b+0.5*max(q+GH),atan2(wenn(GH,DECKE,a)^b--1,-DECKE>-1e3)>wenn(0.1,l,45)/ab((100)))	E„b“ unerwartet
wenn(1!=0.5,2.5<l,ab(a))	=3ff0000000000000
(0==LICHT)	=0
((a)<=max(GH<=2.5,LICHT,tan(-1))/1e3)	=0
wenn(GH,wenn(2.5,(360),-b),-1)!=max(LICHT==LICHT,atan2(ab(-1),DECKE )-1),3^2.5>100/1,GH)<=atan(tan(0))	E„,“ unerwartet
360<b--DECKE	=0
--1+pi+auf(1.)/(b)<=(LICHT)>=-1<atan2(-1.!=pi^-1,atan2(a,1))	E„>=“ unerwartet
1e3<1.	=0
ab(atan2(DECKE,2))	=4056400000000000
DECKE!=LICHT	=3ff0000000000000
auf((1))	=3ff0000000000000
q>=q	Eunbekannter Name „q“
1.!=45	=3ff0000000000000
ab(b>=l!=wenn(0.1,a,q))	E„)“ erwartet
(rund(l))	=40a7700000000000
wenn(LICHT<max(-1,0.1,1e-3),auf(2/45),min(1.,DECKE*7,1!=1e-3,-0.5))	=bfe0000000000000
atan2(sin(l),min(0.1))	=4054da7244f2c46f
(max(-l,.5>GH))<wenn(q,wenn(1e-3^DECKE,100/a,1e-3<=7),DECKE)	Eunbekannter Name „q“
45+q	Eunbekannter Name „q“
min((rund(DECKE)),GH)!=a>=a	E„>=“ unerwartet
a-b	=4008000000000000
auf(-DECKE==90<2)	E„)“ erwartet
1e3!=--1	=3ff0000000000000
max(1e3,a,3,l)	=40a7700000000000
(cos(0.1))	=3feffffcce4c8e64
(DECKE!=b)	=3ff0000000000000
wenn(a,a,3)	=4008000000000000
max(pi,-1)	=400921fb54442d18
(360)==DECKE (DECKE	Eunbekannte Funktion „DECKE“
wurzel(0.5>=1e3/0.5+-LICHT/-pi)	=0
max(wenn(-0+2.5<0,45,3),-1e-3,(min(LICHT,1,sin(100)<pi 1e3)),auf(wenn(LICHT,1<GH,pi<=3)>a+DECKE<90))	E„)“ erwartet
wenn(7-DECKE ,atan2(1.,DECKE),(0),1.)	Ewenn() mit falscher Anzahl Werte
-pi<=-1-b	=3ff0000000000000
wenn((b>45),-DECKE,-wenn(a,l,DECKE))+rund(l)<1e-3>=wurzel(max(2,GH,2,q))	E„>=“ unerwartet
sin((-0.5))	=bf81df37c4954c21
b==0.5^1. ,auf(atan2(0.5,2.5))!=l!=100	E„,“ unerwartet
max(rund(LICHT),a)	=40a4960000000000
90*1.<=1e-3^l	=0
b+a	=4008000000000000
atan(LICHT)*pi<b	=0
wenn(wenn(max(3,a,pi)<45,3,-atan2(q,b)),min(GH>.5<wenn(GH,0.1,1),a),atan2(DECKE,pi>1.)!=wenn(pi,b,1e3) l)	E„)“ erwartet
wenn(pi,q,0.5)>90>=LICHT==GH	E„>=“ unerwartet
2.5^1.	=4004000000000000
q+1e-3!=max(pi,GH)	Eunbekannter Name „q“
wenn(l,2.5,1e3)	=4004000000000000
wenn(l*2.5/45>GH,tan(100+l)/min(2.5,GH,7)!=3,100)	=4059000000000000
(wenn(atan2(2,LICHT),wenn(GH,-1,pi),3))	=bff0000000000000
2<360	=3ff0000000000000
2<=--wenn(DECKE,b,1e-3)*atan2(GH,b)	=0
-atan2(0==0.1,atan2(100,90))	=8000000000000000
0.5>(q==LICHT)	Eunbekannter Name „q“
(-(-0.5))	=3fe0000000000000
atan2(wenn(-1.,min(pi,1.,DECKE,q),min(3,a,100,q))==GH>(1e-3)>abs(-.5+90 (b),0.1)	E„)“ erwartet
(-360)<=wenn(wurzel(-1),(7),LICHT<pi)	=3ff0000000000000
-DECKE/100!=DECKE	=3ff0000000000000
b<0.1<=max(-q)	E„<=“ unerwartet
cos(-1)	=3feffec097f5af8a
.5*2.5	=3ff4000000000000
ab(LICHT)==-abs(pi)^GH	=0
((1.)!=b>=DECKE)	E„)“ erwartet
-l+100>(2.5)>=q	E„>=“ unerwartet
(sin((1e3)+max(100)))	=3fd5e3a8748a0be2
.5!=pi*max((1.),360)<=1e-3	E„<=“ unerwartet
max(atan2(wurzel(0.1),wenn(2,b,DECKE)),LICHT<=pi,(0!=-1))	=4056800000000000
atan2(-LICHT,rund(a))/max(DECKE,GH)<GH>0.1	E„>“ unerwartet
45*DECKE	=40c3560000000000
wenn(LICHT,(pi^DECKE)^3,min(1e3 )GH,q<=1)!=((GH)))	E„)“ erwartet
LICHT!=0.1>=LICHT<=l	E„>=“ unerwartet
wurzel(0) ,90^a	E„,“ unerwartet
-atan2(min(min(wenn(2.5,l,l),0.5,wenn(DECKE,.5,b),-1e3),2,7),(atan2(1e-3,LICHT-1e3)))	=40567ffff7941b2b
cos(wenn(b,100,pi))<q	Eunbekannter Name „q“
0!=(-1)/DECKE>=0.1	E„>=“ unerwartet
((wenn(tan(q),q,pi<pi)))-q	Eunbekannter Name „q“
GH<=2.5	=0
tan(-max(DECKE,LICHT,GH,q) (0))	E„)“ erwartet
wenn(-DECKE,a,atan2(2.5,3))	=4008000000000000
atan2(wenn(wenn(q>q,2.5==b,a),--1/.5,-min(2,2,LICHT,1e3)),(ab((1.))))	Eunbekannter Name „q“
100+q>0.1-45>LICHT!=max(45,(0.5))	E„>“ unerwartet
1./pi	=3fd45f306dc9c883
0+-GH	=c0a64e0000000000
-q>l	Eunbekannter Name „q“
-wenn(cos(GH>DECKE),tan(0.1)>sin(q),(GH) (1e-3 3)+1e-3	E„)“ erwartet
(3)<-ab(pi)	=0
a<LICHT<l<=360	E„<“ unerwartet
atan((b)*max(.5,45)+1-pi+LICHT)	=40567e9b74556785
(2.5^q)	Eunbekannter Name „q“
100>cos(atan2(90,0.1))/max(pi)<=-1	E„<=“ unerwartet
3!=-GH-100<(LICHT)==3+DECKE^1.!=45<=-DECKE<=wenn(wenn(-1,b,a+100),1,(atan(1)))!=LICHT+2	E„<“ unerwartet
7 )100	E„)“ unerwartet
wenn(1e3,90-auf(7),min(a,sin(DECKE),3>GH))>(1e3)*0.1^1e-3>=100==b<=q*.5*l!=LICHT<=GH*90!=a	E„>=“ unerwartet
(b)==a	=0
.5*q	Eunbekannter Name „q“
auf(-DECKE)	=c06b800000000000
wenn(-1.-.5^wenn(q==1.,(l),360<=-1),100^a,(a))	Eunbekannter Name „q“
7!=100<max(DECKE,DECKE)	E„<“ unerwartet
2 .5	E„0.5“ unerwartet
wenn(0.1,1,0.1)	=3ff0000000000000
wenn(-b,(b*.5),360^0*l/0)	ETeilung durch 0
a<=pi	=3ff0000000000000
(LICHT*-1>=-1==.5)	E„)“ erwartet
ab(GH)<=100+2.5	=0
wenn((pi (sin(7)),max(atan2(360,cos(0.1<=45)),rund(q)),l)	Eunbekannte Funktion „pi“
wenn(rund(q/b),(-1e-3),(0))	Eunbekannter Name „q“
-l*(DECKE)	=c124244000000000
360^(auf(1))+a	=4076b00000000000
sin(atan2(1,-1))	=3fe6a09e667f3bcd
atan2(2,min(q,q))	Eunbekannter Name „q“
wurzel(1e3)	=403f9f6e4990f227
(1e-3>0)*2/wurzel(l)/1^3==atan2(-1,wurzel(-1))+sin(a-90)	=0
100<=-1	=0
wenn(auf(0),min(3>0.5,GH),(min(LICHT,q)))	Eunbekannter Name „q“
DECKE<=0.1	=0
(abs(-45<=2))	=3ff0000000000000
(auf(LICHT))	=40a4960000000000
atan((sin(atan2(LICHT,0.1))))	=40467fffffd3b27b
(wenn(((pi)),tan(-1.),l )DECKE>=.5<7))	E„)“ erwartet
wenn(atan2(pi,b-a)+(pi-b),100,.5>max(.5<100,90*-1))==q	Eunbekannter Name „q“
LICHT<a<=0	E„<=“ unerwartet
wenn(-abs(min(1.)),auf(DECKE),wenn(-1,q,sin(7)^atan2(LICHT,pi)))	Eunbekannter Name „q“
pi--GH	=40a654487ed5110b
max(1e-3)	=3f50624dd2f1a9fc
wenn(2.5,l,pi)	=40a7700000000000
min(DECKE,1.)	=3ff0000000000000
wenn(wenn(rund(1),90,b+1e3)<GH/b>=DECKE,1e-3*-pi*2.5,-1)	E„)“ erwartet
tan(l*DECKE)	=bffbb67ae85894ee
(wurzel(b))	=0
max(1,LICHT,LICHT,b)	=40a4960000000000
min(--0.1-0.1^l-min(q,DECKE,90,l),wenn(atan2(90,wenn(2,q,l)),-3-0.5,0.5),90)	Eunbekannter Name „q“
wurzel(min(-0.1,wenn(1e-3,-1,1.)-DECKE,GH<=rund(LICHT),--q))>DECKE	Eunbekannter Name „q“
max(--1)	=3ff0000000000000
l*(2)	=40b7700000000000
rund(ab(wenn(LICHT,l,0.1)))	=40a7700000000000
auf((wenn(pi,q,2.5)))	Eunbekannter Name „q“
DECKE^(q)	Eunbekannter Name „q“
sin((abs(-DECKE)))	=bfe491b7523c161c
min(GH,1,3)/a<atan2(a,45)<tan(360)	E„<“ unerwartet
atan2(-0.5,wenn(DECKE,pi,LICHT))	=c022160c1a0c650b
ab(auf((360)))	=4076800000000000
(1e3)==0>=2.5>0.1----100>(pi)	E„>=“ unerwartet
wenn(DECKE,45,b)	=4046800000000000
b>1	=0
.5>GH>(DECKE)	E„>“ unerwartet
wenn(7,0,atan2(q*1e-3,90==0))	Eunbekannter Name „q“
sin(3+.5)	=3faf41c1118aa2cd
2.5>=.5<-1	E„<“ unerwartet
3==l	=0
-tan((2.5))	=bfa65aba23cf256d
min(wenn(1e-3,0.1,0)>=atan2(-pi,1.))	=3ff0000000000000
q<=1e-3	Eunbekannter Name „q“
-auf(1)	=bff0000000000000
1.*wenn(b,a,(2.5))	=4004000000000000
wurzel(wenn(GH,3,1)>DECKE>max(2.5/0.5,GH<=GH,ab(1.)))	E„)“ erwartet
a--0.1^LICHT	=4008000000000000
wenn(-1,a/1e-3,b>=0)<=(DECKE)==l ,1e-3	E„==“ unerwartet
((LICHT==max(auf(a))))	=0
--(1e-3)<DECKE<=b+a ,l	E„<=“ unerwartet
2.5>=0	=3ff0000000000000
(atan(sin(LICHT<100)))	=0
(GH<wenn(0.1>atan2(1.,0.1),(360)--45,0.1*l^atan2(l,l)))	=3ff0000000000000
-45==pi==DECKE<=atan2((0.1),wenn(a,1e3,a))	E„==“ unerwartet
(-1!=0<=b==90)	E„)“ erwartet
cos(7)	=3fefc2f025a23e8b
max(l==2.5,atan2(GH,360),max(-1,b,b),-LICHT)	=4054b40c2a6909a5
auf(3+wenn(l,GH,l))!=atan2(2.5,-pi)	=3ff0000000000000
atan2(pi,q)	Eunbekannter Name „q“
LICHT (q	Eunbekannte Funktion „LICHT“
--(wenn(2,a,GH))>=-(b)	=3ff0000000000000
1./1e-3	=408f400000000000
b*atan2(2.5,100)>wenn(DECKE+2,a,pi!=LICHT)	=0
(max(0.1/wenn(l==0.5,-a,90)))	=3f523456789abcdf
atan2(((3))<2/b-100,b)	ETeilung durch 0
abs(-2.5<DECKE-LICHT)-tan(atan(l))	=c0a76ffffffffe3f
abs(.5+0.5-cos(DECKE))	=3ffc41b7d167a81d
min(DECKE,0.1,l,pi)>=wenn(q,pi,LICHT)	Eunbekannter Name „q“
pi/-l	=bf512843cf07a12c
-7	=c01c000000000000
ab(0)	=0
2.5-DECKE	=c06b300000000000
(wenn(100,0.1,0.1))	=3fb999999999999a
wurzel(min(min(l,360,q),2.5)/atan2(.5,max(7,a)))	Eunbekannter Name „q“
-(q)<90	Eunbekannter Name „q“
min(max(DECKE),(0.1),45 ,LICHT) )3==a<(GH)	E„)“ unerwartet
l<.5	=0
DECKE ,1./wenn(q,2.5,360)	E„,“ unerwartet
1e3>0.1	=3ff0000000000000
(atan(3)>=wenn(LICHT,.5,0.5))*min(3!=.5>.5<=1,(3 ,pi),wurzel(-1),b)	E„)“ erwartet
cos(auf(LICHT+0))/DECKE*-LICHT>=b!=DECKE	E„!=“ unerwartet
max(1e-3,LICHT,b,pi)	=40a4960000000000
sin(-(1e-3)^2>2.5!=abs(360))	E„)“ erwartet
max(l,100)!=rund(0.5)	=3ff0000000000000
tan(max(max(l*DECKE,(7)),DECKE>b^1e-3,0.5*.5-100))	=bffbb67ae85894ee
tan(min(l)!=1e3^DECKE*-b)	=0
-1!=100	=3ff0000000000000
(min(pi,1))	=3ff0000000000000
max(1e-3,0>LICHT,0.1)	=3fb999999999999a
atan2(2.5,q)	Eunbekannter Name „q“
(min((45<=GH),l!=360<a-l,7,-l<tan(pi)))-atan2(45>1e3!=1/q^0>=-7,(1)>sin(2)>=l)	E„)“ erwartet
wenn((atan2(90*DECKE<=DECKE>=0,cos(tan(pi)))),-(LICHT)*wurzel(DECKE )(DECKE)),max(-min(45,a) ,(360)))	E„)“ erwartet
1e-3+b	=3f50624dd2f1a9fc
ab(auf(pi))	=4010000000000000
1.*.5-min(l,0.5,1e-3)	=3fdfef9db22d0e56
wenn(1e3 atan2(0.1/q<=b,q),LICHT,cos(2/0.5<=GH )a+l>=.5))	E„)“ erwartet
(a)/wenn(1.,a,0.1)>.5/q==GH*-(DECKE)	E„==“ unerwartet
abs(cos(45))	=3fe6a09e667f3bcd
atan(min(1e-3))!=(-0.5)-2	=3ff0000000000000
-(DECKE)	=c06b800000000000
((.5^q))-.5>max(atan(1),q)	Eunbekannter Name „q“
1e-3>l/LICHT<GH==l	E„<“ unerwartet
wenn(1.,wenn(q!=a,DECKE,ab(DECKE)),tan(pi^q))	Eunbekannter Name „q“
atan2(max(a,sin(-1),100)+min(pi-2.5,max(45),GH)*auf(360)-l/GH*0.1>=atan2(2.5,3),a)	=40326f58ce59e23c
-0.1!=360>atan2(min(GH,atan2(90,LICHT)),(a))	E„>“ unerwartet
abs(l)	=40a7700000000000
abs(-1)	=3ff0000000000000
max((2.5/a))	=3feaaaaaaaaaaaab
-DECKE==0.1<=GH	E„<=“ unerwartet
tan(2)-q>.5<.5>=q<=b	E„<“ unerwartet
(q)<(90)!=1e3	E„!=“ unerwartet
pi<1 wenn(7,b,a) (360<l)	E„wenn“ unerwartet
--360-(1e3)	=c084000000000000
abs(360<1)	=0
min(a>2==3<a,1e-3,min(1e3-90),DECKE+pi<atan2(2.5,GH))	E„)“ erwartet
b<=atan2(atan2(max(1e3),l/b+.5),0.5)	ETeilung durch 0
b^q	Eunbekannter Name „q“
auf(2.5)>=90	=0
wenn(wenn(pi,-1,7),2-GH,max(DECKE,0.5,1e3))<=cos(DECKE)==LICHT	E„==“ unerwartet
sin(-0.1)	=bf5c98701025eb1f
ab(0)*atan(.5)	=0
ab(45)	=4046800000000000
atan2(2.5,l)	=3fa87239be6801c4
min(DECKE,2.5,DECKE,q)	Eunbekannter Name „q“
((LICHT))	=40a4960000000000
wenn(max(b^0.1,DECKE/b,(b)),(1.)-a!=-1,90)<q*(pi)	ETeilung durch 0
0.5>=GH	=0
LICHT^-(a^a)	=2cc22a6aba827435
2.5^.5	=3ff94c583ada5b53
-(pi)/LICHT-LICHT<=90!=pi	E„!=“ unerwartet
cos(90>=100)/45 ,45+0.5-1e3+wenn(wenn(3,1.,0.5)!=wenn(2,90,l)<atan2(.5+45,45),90,tan((q*2.5)))	E„,“ unerwartet
tan(.5)	=3f81df645e10066f
-GH )-2.5+l<q	E„)“ unerwartet
90 (b	E„(“ unerwartet
atan2(DECKE,360)<atan(2)	=3ff0000000000000
max(pi)/q==GH^3<-a	E„<“ unerwartet
max(3,1.,45,0.1)	=4046800000000000
atan2(cos(ab(l+b/360)),cos(--1))	=c03a918bfad48889
3*1	=4008000000000000
-1/90	=bf86c16c16c16c17
min(sin(b))==tan(-GH)	=0
wenn(rund(360==pi),-LICHT+wenn(DECKE,45,GH),-1e-3)!=2	=3ff0000000000000
wurzel(.5)	=3fe6a09e667f3bcd
.5+45	=4046c00000000000
atan2(abs(pi)!=(rund(2.5)),-wenn(ab(2),0.5,0.5))	=405d2429cc698771
wurzel(min(b+q>45<7>=wenn(0.5,pi,l)==sin(a),-tan(.5^q),-(b)^LICHT,(rund(LICHT)!=1e-3)))	E„)“ erwartet
0.5/(.5>(b))	=3fe0000000000000
-3/q	Eunbekannter Name „q“
max(2.5,atan2(-0.5*45==b,(wenn(1,b,a))^wenn(b>=pi,wenn(2,7,DECKE),GH>=0.1)),(atan(a==0.5/0.5+0)),3)	=4008000000000000
0.1<=LICHT	=3ff0000000000000
(ab(LICHT))	=40a4960000000000
wenn((LICHT!=-1*-360),atan(rund(l)<-l),-(pi))!=auf(cos((wenn(l,pi,45))))	=3ff0000000000000
atan2(b,0.1)	=0
min(wenn(0.5,q*pi,100^1e3))	Eunbekannter Name „q“
7!=GH	=3ff0000000000000
pi<=((-1e3))	=0
wenn(--b (DECKE),1e-3 (90!=pi-2,max(7,0.1,l,1.)<GH-1>=1e3 ,pi/45>=0)-a==ab(100<0.5)>wenn((b),atan2(0,1.),tan(q))	Eunbekannte Funktion „b“
wenn(2,1e-3,1)	=3f50624dd2f1a9fc
l^7 ,0.5	E„,“ unerwartet
wenn(a,360-atan(1e3),tan(1e-3<b)-wurzel(360)<=3<max(b!=atan2(1e-3,7)))	E„)“ erwartet
-a<=atan2(7,LICHT)	=3ff0000000000000
LICHT>=q	Eunbekannter Name „q“
wenn(1e-3,wenn(q,atan2(b,LICHT),max(l,1.)),l)^atan2(1.,-100<90>DECKE)!=tan(wurzel(-rund(pi)))	E„)“ erwartet
-min(GH,LICHT,q)>=(GH)>l<3	E„>“ unerwartet
max(GH,GH,pi,DECKE)	=40a64e0000000000
wenn(q,max(a,LICHT,1.)<3<GH,wenn(pi>a,wurzel(b),(GH)))	E„)“ erwartet
wenn(0,45,b)	=0
cos(45)<.5>=rund(wenn(DECKE,GH,100)>=max(pi,a,360,a))	E„>=“ unerwartet
atan2(wenn(2.5+DECKE,(ab((b))),atan2(wenn(a,360,b)>=1e3,-sin(2.5))),wenn(a,sin(a*b),abs(-GH))!=wenn(1.,q,ab(2)))	Eunbekannter Name „q“
(b>=0.1)	=0
-1!=b	=3ff0000000000000
(auf(pi))	=4010000000000000
q^-wenn(-q,-45,max(1e3,0))	Eunbekannter Name „q“
0.5<1.	=3ff0000000000000
q+-atan2(-l,1/1.)>=90--1	Eunbekannter Name „q“
b+0.1+1.*wurzel(1e-3)	=3fc0d903e074db6a
wenn(0.5,wenn(0,.5*q,2.5*DECKE),(b^0))	Eunbekannter Name „q“
cos(q!=.5)	Eunbekannter Name „q“
0<=0	=3ff0000000000000
DECKE^360<1e-3^cos(l)	=0
min(0*45+pi)	=400921fb54442d18
abs(100)	=4059000000000000
-sin(GH)	=3fdb0c2d7737984e
.5<-1+GH==-.5 ,1.	E„==“ unerwartet
b>=max(45,rund(atan2(l,q)),q<=45>q/a)	E„)“ erwartet
GH/(a)-0	=408dbd5555555555
360+0.1	=407681999999999a
360>=3>=100*DECKE	E„>=“ unerwartet
-max(wenn(sin(b),atan2(l,3),wenn(3,l,DECKE))/sin((360)),abs(-q!=2.5+q),-0)	Eunbekannter Name „q“
atan2(wenn(wenn(360,2.5,3)<=wenn(0.5,pi,q),b==DECKE<a+-1,wenn(LICHT,l*q,wurzel(a))),max(LICHT+-1.,.5<=l!=360,(-1),min(GH,3)))	E„)“ erwartet
1>(1e3!=GH!=-1.)>abs(2.5)	E„)“ erwartet
ab(min(0,1e3)>1e-3)	=0
abs(rund(wurzel(LICHT)))	=4049800000000000
abs(--45 )(LICHT<=q))	E„(“ unerwartet
(min(2.5,abs(0),max(7,b),q))	Eunbekannter Name „q“
-wurzel(DECKE)	=c02daa2fefaae1d8
rund(atan2(b!=.5,sin(q)))	Eunbekannter Name „q“
tan(-1)	=bf91dfbd9410a422
pi/0.1 )DECKE!=l	E„)“ unerwartet
-q<=LICHT	Eunbekannter Name „q“
--a>atan(-pi)*(90)	=3ff0000000000000
3==360	=0
abs(3==-1)	=0
(-1)>=-1 ,7	E„,“ unerwartet
max(7,min(cos(a),-q,wenn(.5,q,0.1),l/0.5))	Eunbekannter Name „q“
wurzel(atan(360))	=4022f4f63af77995
sin(DECKE) (1.+1	E„(“ unerwartet
(ab(0))	=0
-1./q	Eunbekannter Name „q“
tan(q)	Eunbekannter Name „q“
wenn(GH,2.5,3)	=4004000000000000
l>=1.<DECKE<pi	E„<“ unerwartet
LICHT+.5>DECKE	=3ff0000000000000
max(a,0)==(360)	=0
b<=a	=3ff0000000000000
DECKE^a	=41644f3800000000
1+(1e3)>-7<0.1	E„<“ unerwartet
min(a,a,1e3)^1	=4008000000000000
min(0,0.5,pi,DECKE)	=0
tan(wenn(90,LICHT,1e3))<0.1	=3ff0000000000000
wenn(atan(0.5 (l) ,atan2(LICHT,q+q),auf(DECKE),(DECKE)*rund(0)<ab(.5/a))	E„)“ erwartet
cos((l))	=bfdfffffffffffbb
1e3*-q>(GH)>=2.5*atan2(atan2(-DECKE^LICHT/45,q),(min(3,90))-wenn(LICHT,360,GH)>b!=b)	E„>=“ unerwartet
l^wurzel(2)	=40f42f665146bec7
atan2(tan(45)>=min(q),b)	Eunbekannter Name „q“
atan2(a,a)	=4046800000000000
DECKE>=7<(LICHT)	E„<“ unerwartet
pi+.5>90	=0
atan2(1e-3,cos((7)))/(7^100+GH) (LICHT	E„(“ unerwartet
max(0.5,q,1e-3,0)>=min(100,DECKE,DECKE,0.1)	Eunbekannter Name „q“
wenn(abs(3/.5),atan(ab(1e3)),b)	=40567c554429b480
max(pi<=1-wenn(-1,l,LICHT),-wenn(a,1,1e3),q)	Eunbekannter Name „q“
a*a	=4022000000000000
atan2(a,b)	=4056800000000000
(wenn(0.5,0,0.5))	=0
wenn(45,GH,q)	Eunbekannter Name „q“
(0.1)^cos(a)	=3fb9ae5033b05af3
wenn(360,wenn(.5^(90),ab(l),atan2(l*a,q ,45)),(-2) ,(wurzel(LICHT)))	Eatan2() mit falscher Anzahl Werte
auf(wurzel(7)*min(0.1,.5,DECKE,DECKE))	=3ff0000000000000
max(wenn(1,a,3),DECKE)	=406b800000000000
a^DECKE^ab(0.5)	=4008000000000000
.5<-0	=0
0.1<=wenn(7,l>pi (.5,-ab(GH))>(.5==3)*1!=GH--90	Eunbekannte Funktion „pi“
a>b*sin(q)	Eunbekannter Name „q“
-l/7	=c07ac92492492492
atan2(min(LICHT/b-wenn(7,a,l),GH),l)	ETeilung durch 0
-LICHT>a/atan2(100==1,DECKE)	ETeilung durch 0
wenn(100^2,GH,pi<-1)/wurzel(1 ,7)	Ewurzel() mit falscher Anzahl Werte
(1.<q)	Eunbekannter Name „q“
wurzel(pi/q)	Eunbekannter Name „q“
7+a<-l	=0
-1<wenn(b,a,1e-3)	=3ff0000000000000
(90)-2	=4056000000000000
pi>=tan(q)>wenn(0==2,360^-1,1==LICHT)	E„>“ unerwartet
1<=DECKE<DECKE^-(1e3)	E„<“ unerwartet
wurzel(0)	=0
-min(100)	=c059000000000000
min(atan2(q,a))	Eunbekannter Name „q“
-l<=cos(q)>=wenn(1,pi,LICHT)	E„>=“ unerwartet
(-wenn(3,l>1.,wenn(-1,a,LICHT)))	=bff0000000000000
pi==pi<360	E„<“ unerwartet
pi^GH>DECKE>=1e-3 ,pi*q^360>45	E„>=“ unerwartet
min(wenn(.5<DECKE,1<=0,2.5),2.5!=90/rund(LICHT),(a)+(1.))	=0
atan(atan2(q,45))	Eunbekannter Name „q“
atan2(GH,pi)	=40567bf708a007e1
atan(100)	=40565b54f8edb58b
wenn(a,DECKE,DECKE)==(l)	=0
wenn((a)>=(90),a^-90,GH)	=40a64e0000000000
abs((LICHT))	=40a4960000000000
(LICHT<1.)^abs(100)	=0
a>=LICHT*0.1<1e-3	E„<“ unerwartet
min(0.1)<b+atan((sin(b)))	=0
wenn(2,(-min(0,1)<0),GH)	=0
atan2(3,1e-3) ,cos(b)/a	E„,“ unerwartet
atan2(-(1),atan2(2.5 (q,pi))>=l==(tan(wenn(pi,b,90)!=LICHT))	E„)“ erwartet
max((LICHT)<-b,wenn(tan(3),1,a),7,wenn(b,q,LICHT) )wenn(1.,360,7))==-(1e-3)>0.5==0.1	E„wenn“ unerwartet
3 ,l	E„,“ unerwartet
l>=1e-3>=7	E„>=“ unerwartet
abs(3)^atan2(2,auf(atan2(a,(45))))	=42913408bf027e2a
((b-1e3)>=auf(sin(1e3))==atan2((pi),LICHT/b)<=a)	E„)“ erwartet
(.5>.5)	=0
l^atan(1)	=606b8af7769966b2
max(1.,(-atan(1e-3)),wurzel(LICHT))	=4049aa8733fdaa1f
wurzel(a/2.5)	=3ff186f174f88472
(-45)	=c046800000000000
max(DECKE,b)/(90)	=40038e38e38e38e4
wurzel((7)!=min(0.5<2,rund(2.5),.5<=0.1,0.1^a)!=0.5)	E„)“ erwartet
GH<=l	=3ff0000000000000
1==0*b+0.1<=b	E„<=“ unerwartet
atan2(wurzel(LICHT),pi==GH)	=4056800000000000
wurzel(abs((DECKE))==q<GH<100+3)	E„)“ erwartet
atan(360)	=405675d06980a39f
atan2(GH,l)	=4045ca69b5332c2c
DECKE==-rund(LICHT)/(q)==(pi)	E„==“ unerwartet
max(max(.5^1,(.5),DECKE,LICHT!=GH)==ab(b)) ,wurzel(a)^min(max(0,0.5),2-LICHT,wenn(b,pi,0),q<q)<=wenn(GH,(a),1!=0) )(max(360,0.1,LICHT,1e-3))	E„,“ unerwartet
atan2(pi==45,360)	=0
auf(90)	=4056800000000000
45>wenn(.5,wenn(1e3,360,q),(0))	Eunbekannter Name „q“
abs(a)<DECKE!=wenn(tan(pi),atan(a),abs(1))	E„!=“ unerwartet
abs(90 )360)	E„360“ unerwartet
90+DECKE==0.5	=0
45 )GH	E„)“ unerwartet
wenn(-1,(atan((atan(b)))),wenn(-wenn(-q,.5+LICHT,wenn(100,DECKE,1)),q,2.5))	Eunbekannter Name „q“
7/GH	=3f6415e0f9a23543
atan2(l,a)>DECKE	=0
l (7*q<=2.5	Eunbekannte Funktion „l“
a>abs(max(0.5))	=3ff0000000000000
max(45,GH,a)	=40a64e0000000000
ab(pi^wenn(DECKE,atan2(0.1,0) ((1),(1e3/q)))	E„)“ erwartet
q-1e3	Eunbekannter Name „q“
(1<2.5 GH+-1)!=GH	E„)“ erwartet
1 )1	E„)“ unerwartet
max(q,a,100)	Eunbekannter Name „q“
q+l<2.5 ,ab(3)	E„,“ unerwartet
0.1<LICHT>DECKE<=3*q^360	E„>“ unerwartet
abs(max(LICHT>=q<.5,GH,(GH>LICHT),1e3))	E„)“ erwartet
--.5>=l/b	ETeilung durch 0
(90)<q!=a/pi<2<=pi	E„!=“ unerwartet
atan2(b,7)	=0
-atan2(360,0.1)<0.5/2.5<=-wenn(.5,GH,q)/(a ,b>wenn(q,GH,l))+a^min(0.1,100)^DECKE-GH==LICHT	E„<=“ unerwartet
DECKE ,pi	E„,“ unerwartet
min(DECKE)<0.5==45	E„==“ unerwartet
wenn(q,b,.5)/(7)==1e-3	Eunbekannter Name „q“
abs(1e3)==abs(1.)	=0
wenn(DECKE,rund(LICHT)^(pi)/max(0.5)>=abs(l),(1))	=3ff0000000000000
(wurzel(LICHT))	=4049aa8733fdaa1f
auf(GH)	=40a64e0000000000
-max(2,a)--q	Eunbekannter Name „q“
wurzel(ab((pi)/pi*pi))--(1e3)	=408f4ddb3d742c26
0>l	=0
-1e-3+(max(a,LICHT,LICHT))	=40a495ff7ced9168
rund(atan2(1,q))	Eunbekannter Name „q“
-cos(-1)	=bfeffec097f5af8a
(abs(-1))	=3ff0000000000000
atan2(-1,--pi<=360==LICHT-0.5)	E„)“ erwartet
-atan(q)	Eunbekannter Name „q“
-max(-1)	=3ff0000000000000
(-(wenn(DECKE,pi,l)))	=c00921fb54442d18
ab(45^a)	=40f63f5000000000
3<=b	=0
-q+DECKE	Eunbekannter Name „q“
LICHT>=100<=(b)	E„<=“ unerwartet
2+45-min(max(l ,pi),wenn(pi+pi,l (0.5,b*0.1),(100==1e-3),(360)-LICHT)	Eunbekannte Funktion „l“
sin(DECKE)/0.1*DECKE	=c0961887ed568bc0
wenn(wenn((0.5)+1,rund(atan2(b,7)),cos(atan2(0.5,1e-3))),wenn(wenn(pi,1,3)-atan2(q,1e-3),7,pi),cos((90-b)))>3	Eunbekannter Name „q“
wenn(-rund(0.5),min(2,a<pi,-1^90),atan(LICHT^7))==-b/-q	Eunbekannter Name „q“
2*ab(pi)	=4018000000000000
2==45	=0
q+1e-3>b==q>=LICHT!=wenn(0.5,wenn(a,GH,2.5),0)	E„==“ unerwartet
max(GH,.5,pi,-1)	=40a64e0000000000
--0	=0
l 360*GH -.5>=2.5	E„360“ unerwartet
ab(wenn((45),1e-3>1.,100 ,0.5))	Ewenn() mit falscher Anzahl Werte
max(LICHT,LICHT>3,GH<=0.5,(0))	=40a4960000000000
(abs(.5))	=3fe0000000000000
1e-3!=tan(wurzel(atan2(-1,DECKE)>=atan2(l,0)))	=3ff0000000000000
wenn(min(3)==90,atan2(2,wenn(b,(0.1),atan2(ab(l),l))),wenn(1/100,-1.,wurzel(2.5!=a))-rund(l/2>=a-3))	=c000000000000000
rund(cos(wenn(GH,pi^.5,2 ,1e-3)))	Ewenn() mit falscher Anzahl Werte
min(tan(GH) )b>abs(a+360),(pi)<DECKE^wenn(DECKE,q,a)>max(1e-3,b,GH) (a,b+b,0.5/wenn(wurzel(7-DECKE),-a,DECKE))	E„b“ unerwartet
a+auf(auf(l))^b	=4010000000000000
wenn(atan2(0!=a<=-LICHT,wenn((1e-3),GH-45,cos(360)))+l,45,1e3-(wenn(GH,pi,1))/2.5)	E„)“ erwartet
1e3 )2 (2.5<=b	E„)“ unerwartet
max(0,1.)	=3ff0000000000000
(max(7))	=401c000000000000
max(DECKE,-1)	=406b800000000000
auf(b<pi)>-1e-3^--3!=pi	E„!=“ unerwartet
ab(1e3)	=408f400000000000
360 )0.5>=(1e3)^0.5	E„)“ unerwartet
b*GH	=0
-7 0-GH	E„0“ unerwartet
wenn(l,1. 1e-3*GH<=LICHT,1.>wenn(.5,3,DECKE))	E„)“ erwartet
wenn(atan2(7,(1e-3)) )(b),(atan2(GH,LICHT)),(90)/a*q<=1!=0)	Ewenn() mit falscher Anzahl Werte
a )l	E„)“ unerwartet
atan2(0.5,360)	=3fb45f2f920554f4
7-1e-3	=401bfef9db22d0e5
max(0.5<-1<l+atan(-100))	E„)“ erwartet
0>pi/pi	=0
auf(b!=3)	=3ff0000000000000
sin(DECKE)	=bfe491b7523c161c
GH>min(-l*LICHT,rund(l*3))>1e-3	E„>“ unerwartet
atan2((l),abs(DECKE))	=40557392825a9a93
wurzel(-wenn(pi,2,1e3))^(rund(2.5))!=-1	=0
-wenn(pi,q rund(1.),atan2(0<=1,a)<(a))	E„)“ erwartet
(7<=100)	=3ff0000000000000
atan(GH>LICHT)	=4046800000000000
tan(-DECKE ,LICHT/0.5)<=tan(max(b,a,360))<0.1>GH!=100<=(wenn(wenn(2.5,360,a),GH,DECKE))*wenn(1e3>(GH),-min(l),pi<=a==.5)	Etan() mit falscher Anzahl Werte
atan2(max(100,3,GH,2.5),1e-3)	=40567fffabd38850
-DECKE!=(0.5)	=3ff0000000000000
atan2(q,LICHT)>=1.	Eunbekannter Name „q“
wenn(atan2(q^a,max(0.5))<=1e-3==0<=-100,-(atan2(DECKE,7)),b)	E„)“ erwartet
-1==0.5+LICHT	=0
tan(7)	=3fbf6ecf19881d32
min(7,GH)==0*a	=0
atan2(45<=b,LICHT/0)<-1.	ETeilung durch 0
0.5^(DECKE)	=3230000000000000
cos(-GH)	=3fed0079302dd768
3^1.	=4008000000000000
360+atan2(90,GH)	=40769ce3a14d5485
abs(7)	=401c000000000000
(atan(LICHT>=a))	=4046800000000000
wenn(max(1e3-wenn(1e-3,2,l)^max(b,0.1),-(pi)+wurzel(q)+wurzel(360),atan2((-2),(q)<=-GH)),1e3,sin((GH) -100/abs(GH)))	Eunbekannter Name „q“
auf(360^100==wenn(DECKE,LICHT,LICHT))	=0
-wenn(GH,a,b)	=c008000000000000
max(-1,q,b)	Eunbekannter Name „q“
wenn(-rund(3),(0>GH),-0.5!=100)	=0
l>=2==b )0.5==90	E„==“ unerwartet
atan(-GH)	=c0567eb7324d5994
(max(max(2.5),auf(GH)^atan2(1e3,1.)<=wurzel(a>=7),3>max(a/1.,GH,90,wenn(b,q,7)),wenn(-100>=1e3,max(90),-GH (3)))	Eunbekannte Funktion „GH“
wenn(pi,GH,DECKE)	=40a64e0000000000
-((b+45))	=c046800000000000
wurzel(GH)/360*l+sin(100 ,DECKE)	Esin() mit falscher Anzahl Werte
0.5>pi	=0
max(0.5,l)	=40a7700000000000
wenn((100),q-0.5,1e-3)	Eunbekannter Name „q“
1>=wurzel(0)==(q)>45	E„==“ unerwartet
cos((100)<max(360,1.,LICHT))	=3feffec097f5af8a
-atan2(90,.5)+-1.!=atan2(-.5,max(LICHT,LICHT,LICHT,3))	=3ff0000000000000
atan2(GH,a)	=40567c2596fd32ed
(3)	=4008000000000000
q==l	Eunbekannter Name „q“
pi<l	=3ff0000000000000
DECKE-min(DECKE)>=l*DECKE	=0
1e3!=l>=q	E„>=“ unerwartet
wenn(-wenn(-GH,sin(1!=LICHT),(l)),auf(1),1)	=3ff0000000000000
-min(tan(DECKE))	=bfead9e7783fbf1d
(1e3)^auf(1e3)	EErgebnis ist keine Zahl
-l^q	Eunbekannter Name „q“
((l))	=40a7700000000000
wenn(((45)<=(GH))/wenn(.5-b,-(-1),max(0.1,GH,LICHT,1.) -pi),90,1e-3>atan(pi))	=4056800000000000
wenn(GH+1,b,q)	Eunbekannter Name „q“
-(LICHT)+45<=min(45^b,LICHT<100,DECKE^GH)*(45>2)	=3ff0000000000000
0.5 90	E„90“ unerwartet
(pi)!=wenn(auf(pi),min(1.,sin(7)-90!=0.5,pi==a<=LICHT!=90,-100<=a),ab(b)-tan(b)*pi-.5)	E„)“ erwartet
auf(b)	=0
(wenn(l,wenn(wenn(.5,1e-3,360),1.-l,DECKE),DECKE))+(LICHT*45^(1e3)/-min(45))	EErgebnis ist keine Zahl
q*GH	Eunbekannter Name „q“
-atan(a>90)+pi/DECKE/DECKE!=.5	=3ff0000000000000
atan2(-1e3,min(q,pi,1.,0.5))	Eunbekannter Name „q“
-(360)+90	=c070e00000000000
-max(-l,wenn(q,1e-3,7)*abs(DECKE),wurzel(LICHT)*wenn(0.5,pi,3))+DECKE==min(-1<=q,360-2)^-LICHT	Eunbekannter Name „q“
rund(((atan(1e-3))==(l)))	=0
wurzel(max(pi!=2,wurzel(2.5),-1>=q,1e-3))	Eunbekannter Name „q“
b>=l	=0
1e-3!=min(1.,1.,100)	=3ff0000000000000
atan2(min(l,0),-l)	=4066800000000000
wenn((b),wenn(360,pi,-1),abs(0.5))	=3fe0000000000000
1^90	=3ff0000000000000
0.1>=1e3	=0
l/-1	=c0a7700000000000
wenn((0.1),0.5,a==0.5)	=3fe0000000000000
wenn(0.5*90,(45<-1),tan(q>=90))	Eunbekannter Name „q“
.5*0	=0
2!=((max(GH/2.5,max(7))))	=3ff0000000000000
wenn(LICHT>=2.5+atan2(b,90),(b)<LICHT,q)	Eunbekannter Name „q“
max(360+1e3,(45),pi,tan(100))+atan2(wenn(0,360,GH),pi)	=4096a7bf708a007e
wenn(l,-1,1e3)	=bff0000000000000
LICHT-0	=40a4960000000000
ab(-1)	=bff0000000000000
atan2(ab(-pi),90==pi)	=c056800000000000
wenn(1e-3,2,q) DECKE	E„DECKE“ unerwartet
sin(2)	=3fa1de58c9f7dc27
atan2(b,0.5)	=0
GH<1e-3/0.1	=0
atan2(atan2(atan2(q,45)*-1-1e-3<-(0.5),wenn(a,a,DECKE)!=.5+wenn(1.,q,a)/45),b ,atan(min(90,a,.5)+-1))	Eatan2() mit falscher Anzahl Werte
-(b)/(max(360<=-1,pi+a)+a)	=8000000000000000
(atan2((b),1.<=2))	=0
auf(1.^a)>100	=0
atan2(cos(3)<=-1,(7<GH))>max(0.5,a,2.5)+100>a<=auf((1))	E„>“ unerwartet
atan2(100,GH)^--1>=wenn(a,l,q)-(2)	Eunbekannter Name „q“
-0.5 )-DECKE	E„)“ unerwartet
min(pi==rund(min(LICHT,DECKE,-1))<LICHT atan2(LICHT,GH))	E„)“ erwartet
cos(DECKE)/(b)	ETeilung durch 0
max(atan2(ab(0.5),min(100,LICHT)),max((q),3 (b,q*LICHT))	E„)“ erwartet
0.1<=1e3>=0.5	E„>=“ unerwartet
abs(q)/1<1e-3 (b+atan2(cos((0.1)),min(l,2.5-2,0*GH))>(min(b (0.5,45==1e-3,1e3^a)) ((1.))	E„(“ unerwartet
atan2(max(2.5)<45>=7 -360+atan2(l,GH),2)	E„)“ erwartet
(2==90)	=0
0<=auf(1) (0-l	E„(“ unerwartet
(-ab(atan(l)))	=c056400000000000
pi-360!=1.	=3ff0000000000000
atan(1e3)	=40567c554429b480
wenn(-LICHT/pi+(max(LICHT,pi,b,a)),GH,((atan2(0.1,1))))	=40a64e0000000000
q-DECKE==.5!=atan2(wurzel(1e3),-0)	E„!=“ unerwartet
DECKE>=0.5	=3ff0000000000000
atan2(-q<abs(0.1),1.>0.5-1/1e-3)>min(1e3)	Eunbekannter Name „q“
min(360,-1,a)	=bff0000000000000
(GH^DECKE)	EErgebnis ist keine Zahl
ab(wenn(atan2(l,l)>auf(l),-b<1,abs((q))))	Eunbekannter Name „q“
(wenn(1,LICHT,100)) )(cos(0.5))	E„)“ unerwartet
(pi)^100	=4a41bf93d1f611f2
atan2(0,q)	Eunbekannter Name „q“
wenn(0,45,DECKE) (100	E„(“ unerwartet
pi>=a	=3ff0000000000000
45!=min(a,b/b)	ETeilung durch 0
atan2(DECKE,a)-wenn(1,tan(GH),1e-3)	=40566bd7dbf0d2a8
45+l	=40a7ca0000000000
3<a	=0
(DECKE<LICHT)-(.5)!=wenn(atan(LICHT),1>.5,2.5)!=wenn(1,100+.5,(0))	E„!=“ unerwartet
0.5^q+360-DECKE==1.	Eunbekannter Name „q“
2+DECKE!=0.1	=3ff0000000000000
(max((2>-1),auf(.5)))	=3ff0000000000000
-2 -1*.5	=c004000000000000
atan(b>=l)	=0
sin(360)	=bcb1a62633145c07
q/(1)	Eunbekannter Name „q“
atan(a)*q/3	Eunbekannter Name „q“
wenn(-sin(GH),-q,-(100!=1^0.5*pi))	Eunbekannter Name „q“
a<1e3*cos(3)<(pi)	E„<“ unerwartet
(2.5)>ab(.5)^360	=3ff0000000000000
wenn(l,360,pi)	=4076800000000000
DECKE 1e-3	E„0.001“ unerwartet
((1e3 )b))	E„)“ erwartet
(tan(GH))	=bfddd7fc13699aaa
2.5+atan2((GH>DECKE<b+pi),l!=2.5/0.5>=a)	E„)“ erwartet
b==l	=0
1>=0.5	=3ff0000000000000
wurzel(pi)==(-DECKE)	=0
min((2),atan(l),0.5)^pi<wurzel(90)	=3ff0000000000000
(wenn(pi,pi,q))	Eunbekannter Name „q“
((1.))	=3ff0000000000000
atan2(pi,.5) max((b))^max((DECKE)*-1>3,(360))	E„max“ unerwartet
wenn(3,-1,90)^GH-LICHT	=c0a4980000000000
cos(1e3) )-DECKE/pi+0.5	E„)“ unerwartet
max((DECKE),q*.5,max(a))--a	Eunbekannter Name „q“
l>1e3	=3ff0000000000000
100==a	=0
-GH ,wenn(1.!=b,min(.5,q,pi),100)	E„,“ unerwartet
GH+min(2.5,DECKE,DECKE)*0.1^pi==q	Eunbekannter Name „q“
l<2.5	=0
1e3^2*-1>sin(1.>=0.5)	=0
tan(LICHT)<wenn(LICHT,1.,LICHT)>90>=atan2(wenn(90,pi,q)^atan(q),min(GH*2.5,0.5/GH,pi))	E„>“ unerwartet
auf(q)	Eunbekannter Name „q“
LICHT>=pi<wenn(1e3,pi,DECKE)	E„<“ unerwartet
atan2(.5,b+LICHT)==0.1	=0
auf(wenn(atan2(b,2.5),atan2(b,b),(q))<min(atan2(0,1e-3),l^l)/cos(l>wurzel(0.1)))	Eunbekannter Name „q“
wenn(1.,a,360)	=4008000000000000
wenn(-2.5,1e3^0.1>=min(100,b,l),(a/1e3))	=3ff0000000000000
tan(-0.1>=45)*GH!=GH+1<=GH^a	E„<=“ unerwartet
max(q,0.5)/DECKE-a	Eunbekannter Name „q“
-0	=8000000000000000
wenn(45 ,DECKE,7+DECKE,l)+a	Ewenn() mit falscher Anzahl Werte
sin(-(1e-3))	=bef24d15211536db
360+-360!=q<=2.5/max(wenn((2.5),(7),a)) )7!=l	E„<=“ unerwartet
q/(LICHT)	Eunbekannter Name „q“
max(.5,DECKE,DECKE,360)*1e3 )LICHT	E„)“ unerwartet
GH<=LICHT	=0
(sin(-0.5!=LICHT<l==1+1e-3))	E„)“ erwartet
tan(-max(wurzel((LICHT)),-1!=atan2(pi,360)))	=bff3fe8bac8bef20
q (DECKE	Eunbekannte Funktion „q“
wenn(DECKE^GH,GH-1e3,-360) --0.5/LICHT^wenn(3,DECKE,1) )max(1.)	E„)“ unerwartet
wenn(360,LICHT,2)	=40a4960000000000
rund(max(q+2,(GH))<(q)>(LICHT)==min(atan2(GH+DECKE,45),atan(pi)*7<=45,atan2(7>=3,a)))	E„)“ erwartet
tan(1e-3)==.5!=LICHT==max(1e-3,q,pi,LICHT)>=(45)+pi>=(LICHT)+rund(LICHT/l)+GH	E„!=“ unerwartet
GH<0	=0
tan(max(a))	=3faad53144273e73
1e-3 .5-b*a	E„0.5“ unerwartet
atan2(wenn(-1.,(GH),pi>0),45-GH ,max(GH,-1))*7^((7*90))>=q	Eatan2() mit falscher Anzahl Werte
1.*b	=0
-1!=0	=3ff0000000000000
-atan2(GH,pi)	=c0567bf708a007e1
(LICHT!=1e3/1e3--LICHT-2!=1e-3)	E„)“ erwartet
wurzel(3)	=3ffbb67ae8584caa
1 a	E„a“ unerwartet
wurzel(a)	=3ffbb67ae8584caa
atan2(45+(wenn(LICHT,GH,a)),-(GH^q))==wenn((min(DECKE,b,7,360)),rund(100 (q),1e-3)^0.5	E„)“ erwartet
-(cos(-360))	=bff0000000000000
l*min((wenn(0.5,LICHT,2))!=cos(pi)*3>=q)	E„)“ erwartet
atan2(min(q),-1e-3==sin(a))	Eunbekannter Name „q“
wenn(.5,3,-LICHT)	=4008000000000000
-abs((0.1))/2.5!=7>pi DECKE+cos(l)<wurzel(2.5)<min(rund(1.))	E„>“ unerwartet
--0.5	=3fe0000000000000
-min(100,pi)/min(.5,pi,1.)	=c01921fb54442d18
(wenn(45/q-1>LICHT,b!=1.!=l,a!=l))==pi>=tan(LICHT)	E„)“ erwartet
-tan(3)<=q-90<7<=3	E„<“ unerwartet
atan2(wenn(q,3,l) (3,atan2(max(pi),7*DECKE))	E„)“ erwartet
(1e-3-.5==wenn(GH,100,7)==l)	E„)“ erwartet
b*DECKE	=0
-atan2(DECKE!=.5!=-100,q^1./-1)	E„)“ erwartet
(l+LICHT-1e3--1)	=40b21c0000000000
auf(-abs(.5))	=8000000000000000
wenn(a-GH,-0,LICHT+100)	=8000000000000000
wenn(a==b,auf(q),a<=0.5)	Eunbekannter Name „q“
wenn(1e3^b (1e-3>a,wurzel(90>0.1),(GH<2.5))	Eunbekannte Funktion „b“
1>=abs((3))	=0
((sin(b))!=7)	=3ff0000000000000
cos(a)	=3feff4c5ed12e61d
auf((q))	Eunbekannter Name „q“
-max((-1),atan2(100,0),(.5))	=c056800000000000
pi^-(pi<l<=2.5*3)	E„)“ erwartet
atan2(q,3)	Eunbekannter Name „q“
0.5==DECKE	=0
--q-GH<=q<0	E„<“ unerwartet
wenn(q,3,wenn(a,q,0.5))/tan(-360)	Eunbekannter Name „q“
rund(2)==rund(q-pi)	Eunbekannter Name „q“
min(GH,b)	=0
ab(min(LICHT))==GH-1e3<=wenn(.5,LICHT,2)	E„<=“ unerwartet
cos(wenn(LICHT,LICHT,.5))	=bfdb0c2d7737982e
45!=1e3	=3ff0000000000000
2.5/atan((1.))<=3	=3ff0000000000000
(-1>=pi)	=0
atan2(atan2(3,a)>=-1e-3,--0)*atan2((LICHT<DECKE),-max(a,90,pi))	=40cfa40000000000
abs(l+.5>auf(q)==(atan2(2,2)))+abs(2<=pi-2.5/q/0)	E„)“ erwartet
abs(b)-a	=c008000000000000
(cos(pi)+b>=b) (atan2(45,atan(l))	E„(“ unerwartet
-wenn(-1,l,GH)!=((90))+DECKE<=wenn(min(-GH,min(1.,100,pi,7),max(7,LICHT)),-pi-3,2.5)>atan2(--GH,sin(wenn(b,100,90)))	E„<=“ unerwartet
max(wenn(--1,(min(DECKE,DECKE,90)),1e3),-q,wenn(360,360*(pi),GH),atan2(l-q+pi,GH/wenn(45,q,b)))	Eunbekannter Name „q“
min(.5^wenn(DECKE,GH,DECKE)<-LICHT!=1.<45,atan2(90==1+LICHT,wenn(a,0.5==1,pi<DECKE)),--a-GH)	E„)“ erwartet
(sin(--1))	=3f91df0b2b89dd1e
cos(90<90)^wurzel(2.5>=LICHT)	=3ff0000000000000
min(1.,0.1,((wenn(cos(q),45/-1,(7)))))	Eunbekannter Name „q“
l-a	=40a76a0000000000
(wurzel(l))-rund(1)	=404ae2d946c44ef3
atan2(pi,sin(45))	=4053542df0dec0aa
tan(b*-1)	=8000000000000000
-(atan2(l,GH)!=pi)!=pi	=3ff0000000000000
auf(wenn(0.1,0.1,3))	=3ff0000000000000
atan(2)>=DECKE-1e3==q	E„==“ unerwartet
((GH>a))<=-0.5==3==atan2(LICHT,q) 100	E„==“ unerwartet
rund(-(0.1)-l)	=c0a7700000000000
atan2(1,1e-3!=1e3)	=4046800000000000
l>=-q*(pi<GH)	Eunbekannter Name „q“
sin((1.))	=3f91df0b2b89dd1e
-atan2(DECKE,1.)<=max(-DECKE,l*0,abs(LICHT))	=3ff0000000000000
-wenn(DECKE,LICHT,90)	=c0a4960000000000
auf(-1)	=bff0000000000000
(-l)	=c0a7700000000000
cos(min(pi==360))-q/-45 (q	E„(“ unerwartet
-pi>=0.5	=0
((wenn((90),(a),0.1>pi)))	=4008000000000000
a/(LICHT<=1)	ETeilung durch 0
0.5!=pi<=l 100	E„<=“ unerwartet
100==pi-LICHT	=0
min(wurzel(pi),wenn(abs(1e-3),sin(l),pi)*-1)	=bfebb67ae8584cbe
(1e-3==2.5<DECKE-pi)	E„)“ erwartet
7+100<2 (q	E„(“ unerwartet
wenn(7,LICHT==b,GH<=2.5)	=0
0==3+pi<=l*atan2(rund(b),(LICHT))	E„<=“ unerwartet
atan2(1,-1) atan(7)	E„atan“ unerwartet
-1<=q	Eunbekannter Name „q“
q<=atan2(1,0.5)	Eunbekannter Name „q“
0.5/0*DECKE	ETeilung durch 0
LICHT==1<100	E„<“ unerwartet
q*1.	Eunbekannter Name „q“
wenn(b,3,q-l)	Eunbekannter Name „q“
cos(45)	=3fe6a09e667f3bcd
--GH	=40a64e0000000000
max(-DECKE^LICHT,1e3+DECKE*(1))==b	=0
(q+pi<=q<q)!=min((cos(b)),abs(GH)<=-0.5,pi<=1e-3<=pi,2)!=-cos(LICHT)>a>3-100	E„)“ erwartet
atan2(atan2(atan2(b,LICHT),a+l),pi)	=0
--cos(LICHT)	=bfdb0c2d7737982e
-wenn(100,GH+45,(q))/(wurzel(0.1))	Eunbekannter Name „q“
-wenn(1e3,0,DECKE)	=8000000000000000
(DECKE*wenn(0.5,2.5,100) l>=100==1)!=(atan2(90,3)<=l)	E„)“ erwartet
(pi+LICHT<=360^.5!=pi ab(pi))	E„)“ erwartet
atan2(0<q,-abs(LICHT))	Eunbekannter Name „q“
1<=0	=0
(-abs(DECKE!=pi<b))	E„)“ erwartet
q>=LICHT>(wenn(b,.5,DECKE))	E„>“ unerwartet
atan2(.5,7)	=401057abecd7ec77
wenn((-(0-b)),min(.5) (l!=(atan2(LICHT,pi))==(ab(1e-3<=LICHT)),tan(GH!=1 (1e3<=100))	E„)“ erwartet
-max(a)	=c008000000000000
max(atan2(-0.1<90/pi,(l^b)+DECKE^1.>=3),-45,wenn(2.5-q==(GH),-90/l+3,(LICHT<=3))/q,l )b)	E„b“ unerwartet
abs(auf(0))^max(wenn(max(1.)-90,(100<=1e3),max(1.,pi,1.)))	=0
(atan2(1,q))	Eunbekannter Name „q“
DECKE/100	=400199999999999a
(atan2(l^LICHT<-1,(pi)))	=0
auf(atan(0.1)>min(pi,360,pi,pi))	=3ff0000000000000
ab((2))*DECKE/GH>q<a<1e3+q<=0.1	E„<“ unerwartet
atan2(b>=(-1),(90))	=3fe45ef97db36b72
1e3>1. )rund(0)!=l	E„)“ unerwartet
min(pi/b,l )DECKE,a,b==l)	E„DECKE“ unerwartet
atan2(LICHT!=wenn(7,a,a),(1e3)>2)	=4046800000000000
wurzel((2.5))	=3ff94c583ada5b53
-1+atan2((.5+-1),pi)	=c024160c1a0c650b
a^wenn(100,wenn((-45),l,max(b*.5,0+DECKE,90<1.,q>2.5)),-abs(0)<abs(ab(LICHT)))	Eunbekannter Name „q“
-wenn(atan(2),1.==1e3,a>=b)==min(LICHT,.5,2.5)/min(GH,1,7,1.)	=0
DECKE/min(360)-7>wenn((LICHT),0.1!=b,DECKE<1e-3)	=0
(rund(-LICHT))	=c0a4960000000000
100/GH	=3fa1eef695be8afc
min(l,pi)	=400921fb54442d18
(7==wenn((min(GH,.5,3)),a,rund(DECKE*1)))	=0
q-0/max(90,DECKE,GH)	Eunbekannter Name „q“
wenn((pi^b+7/2),1e-3,a)	=3f50624dd2f1a9fc
rund(pi*DECKE)!=(l*90)-7+(DECKE)--(7)	=3ff0000000000000
rund(1e3>-1e-3 )0.1>atan((a))>=1e3 ,min(360))	E„0.1“ unerwartet
wenn(abs(-rund(a)/1.),wurzel(pi),(q^DECKE ,7)!=2)	E„)“ erwartet
wenn(wenn(a,(1e-3),max(DECKE,atan2((1e3),2-GH))),0.5,(max(-360>=0,--1-1e3,a<a)))	=3fe0000000000000
wenn(.5,1e-3,l)	=3f50624dd2f1a9fc
l>atan2(1.,90)+wurzel(1e-3)	=3ff0000000000000
l^(-GH )pi)	E„pi“ unerwartet
atan2(wurzel(pi),wenn(90,a,.5))	=403e934a8b98dd79
l l	E„l“ unerwartet
max(GH^pi,wenn(1.,pi,1e3)) )LICHT!=1e-3-q/l	E„)“ unerwartet
atan2(-1,a)	=c0326f58ce59e23c
tan(0.5)	=3f81df645e10066f
LICHT>1e-3	=3ff0000000000000
abs(wurzel(GH))<0.1 ((2.5)/DECKE	E„(“ unerwartet
45>a-abs(l)	=3ff0000000000000
atan2(a,1.)	=4051e429cc698771
cos((q)) (atan2(b,GH))+wenn(7,b==wenn(1,3,-1),atan2(DECKE,GH)>=GH<GH)	E„(“ unerwartet
atan2(LICHT,DECKE)	=40554e8d148ccd48
7>tan(1)^1e3+q	Eunbekannter Name „q“
0 (100	E„(“ unerwartet
wenn(((a)),-min(360),wenn(-1,-1,7)*a)	=c076800000000000
max(l,45,a,q)<-LICHT	Eunbekannter Name „q“
LICHT^90	=7fda683591350fd0
90<=1.	=0
tan(rund(a))	=3faad53144273e73
-0 (GH^DECKE>2	E„(“ unerwartet
b>2>(GH)	E„>“ unerwartet
-GH<min(-1+100,-100,1e-3<2.5)	=3ff0000000000000
wurzel(a>=45)	=0
(max(-1))	=bff0000000000000
(1)<(1e-3)	=0
abs(GH^1e-3)	=3ff020b89e923286
min(a,q)	Eunbekannter Name „q“
-45/.5	=c056800000000000
abs(auf(3))	=4008000000000000
atan2(-1,GH)	=bf948cdb2a66c3c7
(1.)*(2.5)	=4004000000000000
-wenn(min(100<1>=.5>1),max(l,q)+a^q/a>=(1e3),-DECKE+b+wenn(360,LICHT,DECKE))	E„)“ erwartet
a!=45	=3ff0000000000000
rund(90)	=4056800000000000
cos(atan2(0,45))	=3ff0000000000000
max(((0))+1e3>GH>=atan2(.5,1e3)/(b==b)<=ab(GH),DECKE>atan(3/0),(0.1)>=l)	E„)“ erwartet
atan2(l,1e-3)	=40567fffafe50aaf
abs(a)	=4008000000000000
abs(rund(3/LICHT))	=0
atan(90)	=405657420d049929
rund(wenn(-q,min(atan2(q,2.5),wenn(-1,1e-3,LICHT),min(LICHT,1e3,100),l<.5),pi==l<a)-wurzel(0.5)>=DECKE^1)	E„)“ erwartet
wenn(0,wurzel(GH),0.5)	=3fe0000000000000
sin(min(tan(1.),LICHT,(0.5))!=abs(3))<=wenn(-7>=atan2(l,45),cos(7>=0.1),max(wenn(q,GH,q)))<=GH	E„<=“ unerwartet
-LICHT>=LICHT<=wenn(max(rund(-1)*1.,wurzel(q)==wenn(l,GH,DECKE),3),LICHT+(1e3)/(b!=0),wenn(sin(2>=3),pi,wenn(-LICHT,2,1e-3/-1)))	E„<=“ unerwartet
(-atan2(45!=LICHT,LICHT))	=bf964417b72f7b83
auf(wenn(-GH+atan2(l,7)==b,min(DECKE,3)==wenn(100,DECKE,q)!=2,tan(max(LICHT))!=1e3>-1<2<=1))	E„)“ erwartet
.5>q*(360)	Eunbekannter Name „q“
(b<=45)	=3ff0000000000000
-cos(q)-pi!=0.1	Eunbekannter Name „q“
(abs(2.5)<100>-1<=(0.5))	E„)“ erwartet
b^360>=-.5==360	E„==“ unerwartet
a*tan(1e3>90)>=-LICHT	=3ff0000000000000
min(2*1<=7,1<LICHT,b,(wenn(l,a,LICHT)))	=0
wenn(.5^2.5,DECKE-0.1,b/360)	=406b7ccccccccccd
360<360	=0
100/360-max(DECKE,l,100)>wenn((90),1>=GH,pi)	=0
atan2(wenn(LICHT,b,1.),2.5) 90	E„90“ unerwartet
wenn(q,(q),DECKE-l>=360==0.1-atan2(l,pi))	E„)“ erwartet
l/pi	=408dd76ff0d294b8
atan(LICHT)	=40567e9bbe848d08
((2.5))	=4004000000000000
ab(.5==a)*45	=0
rund(atan(--pi))	=4052000000000000
(wenn(360,DECKE,0.5))	=406b800000000000
DECKE==.5<=l-q	E„<=“ unerwartet
min(-1,wenn(q,1e-3,DECKE)^(DECKE),pi!=wenn(2.5,3,a))	Eunbekannter Name „q“
0.5^pi	=3fbd0231bd5e9cfd
q^q	Eunbekannter Name „q“
min(LICHT*90*a^q^((wenn(LICHT,360,GH))),wenn((wenn(l,-1,DECKE))*-(l),wenn(100,0.5,0.5)>=7 (l!=(GH)==a==1.,q>=7*wenn(2.5,q,l)<=-a==1.*GH),(sin(atan(a)^LICHT/a)))	E„)“ erwartet
ab(45)*min(b)	=0
atan2(pi<=1.,LICHT)	=0
wenn(atan(wenn(a,3,LICHT)),b-pi>=a,(45)<=-3)	=0
wenn(1e-3<=(3),min(LICHT,a,a)+(LICHT),(LICHT*q))	Eunbekannter Name „q“
ab(pi/100)	=0
((pi>LICHT/abs(360)))	=0
atan2(atan2(wenn(a,q,100),.5),-wenn(100,a,pi))	Eunbekannter Name „q“
wenn(LICHT,2.5,1e3)	=4004000000000000
wenn(7,pi,100) (-q	E„(“ unerwartet
(1e3)!=LICHT+45	=3ff0000000000000
atan2(q,sin(min(.5,pi<1,-0))) )b	E„)“ unerwartet
max(atan2(DECKE,l)<=DECKE/DECKE,min(-1)<=a/2)<=wenn(auf(-1)^DECKE==b,max(l),DECKE)	=3ff0000000000000
ab(pi>=360)	=0
min(45,a,GH,atan2(-pi,(l)))	=bfaeb8512f1f2cc2
ab(min(GH,1))>1.+(max(GH^45))+GH	=0
1>0.1>wenn(90,(360),auf(LICHT))	E„>“ unerwartet
rund(2 1^1e3/--atan(pi))	E„)“ erwartet
sin(atan2(min((q)),-(90)))	Eunbekannter Name „q“
1e-3!=wurzel(atan2((2)!=GH,-0^45))	=3ff0000000000000
LICHT-(1.)	=40a4940000000000
(a (wenn(100,0,-1))	Eunbekannte Funktion „a“
(-1)>LICHT	=0
-360*q!=sin(2)-0.1==min(GH)	E„==“ unerwartet
LICHT^(b)	=3ff0000000000000
LICHT>=(0.1)	=3ff0000000000000
wenn((LICHT),auf(360),360)	=4076800000000000
--max(360>2.5,-1e-3,(l))+-pi	=40a769b7812aeef5
max(atan2(max((0.5)),LICHT))	=3f864417c4a2d3dd
rund(l-1!=-1^atan2(pi,1)>=1e-3>1.)	E„)“ erwartet
ab(DECKE) )wurzel(7)>atan2(a,90)<=atan2(90,100)+-sin(l<b)	E„)“ unerwartet
wenn(wurzel(360 q),wurzel(wenn(DECKE,1,2.5)),cos(b)>=2>-1)	E„)“ erwartet
LICHT/GH	=3fed88be1835cce4
atan(max(45-GH,tan(2),0.1 )DECKE,l)+(0.1) )min(0.5))<atan2(GH,0.5)	E„)“ erwartet
360<=pi	=0
wenn(100,-1e3<45,wenn(-45,b,a*2))	=3ff0000000000000
wenn(ab(7+0.5),100,l (atan2(3,.5)<=b!=LICHT<abs(pi)+-1e3)	Eunbekannte Funktion „l“
LICHT*atan(--0)/-wenn(1e-3,.5,.5)^wenn(7/0.1,auf(.5),LICHT)	=8000000000000000
atan2(wenn(--0.1,-1e-3^wenn(a,GH,GH),min(b/GH)),7)	=8000000000000000
wenn(0.1,45,DECKE)	=4046800000000000
min(((0<1.)),tan(45<=a)==(wurzel(1e-3)),wenn(sin((GH)),b>pi>=1,(pi+b)))!=abs(GH)	E„)“ erwartet
(max((100)>.5,DECKE>=pi==atan(0.1))^atan2(l,l)>=2.5)	E„)“ erwartet
atan2(45,90)	=403a90a731a61dc4
wurzel(q>45)	Eunbekannter Name „q“
atan2(360,3)<wenn(2,DECKE,DECKE)==wenn(GH,0.1,q)==pi<=GH	E„==“ unerwartet
min(rund(max((a),q>=l)>(90>=GH)))	Eunbekannter Name „q“
-DECKE-a>0.1-1<=2>=3*0.5	E„<=“ unerwartet
max(-1,b)	=0
max(-q,DECKE,wenn(sin(0.1),3/90,1.),max(7)*GH^a)	Eunbekannter Name „q“
atan2((1e-3),(l))^q*DECKE	Eunbekannter Name „q“
max(ab(2),a,a)	=4008000000000000
0.5<(2.5)*cos(-1)-.5>=a	E„>=“ unerwartet
--max(3,0.5,q)>1e-3	Eunbekannter Name „q“
(atan2((3),0.1))	=405605d072504ce9
-100 b<(pi)*2.5<(1e-3)	E„b“ unerwartet
wenn((q 1e-3),-(atan2(l,7)),q)	E„)“ erwartet
1.<90	=3ff0000000000000
LICHT!=atan(pi)<=(45)<1	E„<=“ unerwartet
(min(100))	=4059000000000000
sin(b)	=0
abs(min(q,DECKE,q))<=GH==cos(min(1e-3,LICHT)*LICHT)	E„==“ unerwartet
DECKE<=GH<-.5	E„<“ unerwartet
(rund(max((a),wenn(GH,1,l))==abs(pi)>1e-3))	E„)“ erwartet
min(pi,b,3)>l<2<=2<2.5<=1>1<=min(-1-0.5-a==2.5,(GH*0.1))	E„<“ unerwartet
l<0.1	=0
max(max(-q,b!=atan(LICHT) 1e3))	E„)“ erwartet
wenn(2.5>=2<=q,tan(atan2(GH,1e3)),-atan2(a,LICHT))/DECKE	E„)“ erwartet
2.5*min(wurzel(1!=LICHT)*--GH,q>1+pi<=wenn(a!=0,rund(l),90*.5))	E„)“ erwartet
atan(DECKE/wenn(GH,b,100))	ETeilung durch 0
atan2(pi,LICHT*tan((1.)))	=400f42831312a964
wurzel(min(LICHT==LICHT,-0))	=8000000000000000
((((q))))^min(min(b+a))-min(ab(0.1))-wenn(90,b>=7,a==b)	Eunbekannter Name „q“
(min(2.5,((90)),b,-max(pi,3,7)))>=auf(7<LICHT)	=0
-DECKE!=a==LICHT==(auf(LICHT))	E„==“ unerwartet
-LICHT<q>=wenn(pi,b,pi)-(7)	E„>=“ unerwartet
360!=b	=3ff0000000000000
(wenn(100,a,1))	=4008000000000000
2<=DECKE<=-2.5	E„<=“ unerwartet
360>GH-1e3	=0
atan2((wenn(l<atan2(45,45),max((q),(2)),45!=q/min(l))),wurzel(1)>=0.5<=max(3,DECKE))	E„)“ erwartet
-atan2(auf(100-pi),wenn(2,rund(q),pi))	Eunbekannter Name „q“
-(q)<=1. (0.5	E„(“ unerwartet
pi==DECKE	=0
((.5))	=3fe0000000000000
wenn(wenn(0.1,max(.5,90,b),wenn(7,-1,0.5))+-DECKE<=b!=abs((1e3)*q+100),1e-3,(tan(b*LICHT) (-DECKE!=LICHT))	E„)“ erwartet
l==GH	=0
(GH-2*1e3+45)	=408c200000000000
360^360*-((45))	EErgebnis ist keine Zahl
cos((q))	Eunbekannter Name „q“
(1.>=.5)	=3ff0000000000000
(7)+1	=4020000000000000
abs(atan2(-(3-1.),wenn(atan(a),DECKE^l,0.5+q)<max(1*0,(0.5))))	Eunbekannter Name „q“
-1>2	=0
atan2(GH==GH,wenn(0.5<=2.5+0.1,90,max(wenn(360,1,q)))-wenn(b,LICHT,l)^wurzel(90)-90>l!=(GH))	E„)“ erwartet
-2<l!=GH	E„!=“ unerwartet
LICHT*-GH	=c15cb29b40000000
rund(auf(wenn(0,7,1)))+-1	=0
(wenn(1,q,-45)>=max(pi^q,b>1))/ab(-(abs(1e3)))	Eunbekannter Name „q“
max(1.,2)	=4000000000000000
45/7	=4019b6db6db6db6e
max((l^q))	Eunbekannter Name „q“
min(-1e-3==100^.5,-1,0!=a)	=bff0000000000000
wurzel(1)	=3ff0000000000000
max(atan2(pi,2),(pi))	=404cc259bb718f13
0.1---45	=c046733333333333
1./0.1>=(0.5)	=3ff0000000000000
pi-atan2(max(0.1,atan(0==a),min((0.5),360)),pi)	=c0179b1a89f6b38a
wenn(wurzel(1e3),atan2((LICHT^b),90),-1)	=3fe45ef97db36b72
rund((pi))*rund(1<=0.5)/pi+GH!=(0)<.5*a-pi/pi	E„<“ unerwartet
(wenn(0,atan2(3<GH,3),360>pi))	=3ff0000000000000
tan(1e3)	=c016af648056a115
wurzel(1e3==--1 (.5))	E„)“ erwartet
(-1>100/b-0)	ETeilung durch 0
auf(q/2)/-1^l/GH^DECKE	Eunbekannter Name „q“
atan(GH)	=40567eb7324d5994
pi==pi	=3ff0000000000000
DECKE wenn(100,.5>min((3),sin(b),1.,tan(l)),(pi)/b ,atan2(2,7/q))	E„wenn“ unerwartet
wurzel(2 (wenn(0.5,GH,100))<2.5	E„)“ erwartet
max(45,q)^(a)	Eunbekannter Name „q“
cos(GH)^wenn(1,360,.5)	=3cbdfcb907ef1c57
-1==.5	=0
-1e3^l	EErgebnis ist keine Zahl
wenn((b/a),tan(1e-3),(min(3,7)))	=4008000000000000
atan2(b,DECKE)	=0
2==0.1	=0
pi-45	=c044ede04abbbd2e
b^0	=3ff0000000000000
360 (1e-3	E„(“ unerwartet
-tan(45)/LICHT>GH	=0
sin(l)	=3febb67ae8584cbe
atan2(LICHT!=pi,a>=7)	=4056800000000000
(.5/l>=GH>=0)>=atan2(auf(2.5),cos(pi))-min(l,a,a)>-a	E„)“ erwartet
a )-DECKE	E„)“ unerwartet
(min(DECKE,wenn(q,-atan2(DECKE,pi),0.1),-1))	Eunbekannter Name „q“
q<=wenn(0,q,l)	Eunbekannter Name „q“
min(tan(100 )GH)^GH,GH )atan2(wenn(GH,a,a),a<=360),DECKE>=DECKE<=pi<(3),atan2(1,pi>=cos(0.5)))	E„)“ erwartet
max(-(DECKE)<=2.5/DECKE,DECKE>=wenn(sin(l),-0.1,(2)),ab(3)-1e3>(atan(0)),abs(1e3))	=408f400000000000
atan2(pi,(a))>-DECKE!=(-l+b)	E„!=“ unerwartet
atan2(-min(-2.5,-LICHT),atan2(pi==2 )DECKE>=0.1,max(l)))	Eatan2() mit falscher Anzahl Werte
l>7	=3ff0000000000000
wenn(max(DECKE,q,1e-3) )q>=l,45>1e3!=q,b) )a	Ewenn() mit falscher Anzahl Werte
tan(tan(2.5))	=3f48f859492e471c
atan2(wenn(a,a-abs(-1.),min((b)/wenn(2,GH,LICHT),max(2,1.,2)+0.5)),wenn(wenn(a==l,wenn(a,a,l),min(DECKE)),.5,(1) )max(90,DECKE,DECKE)) auf(a)<2)	E„)“ erwartet
auf(45)	=4046800000000000
l<(GH)	=0
-LICHT==GH	=0
wenn(wenn(1.,b,b),(DECKE),a)	=4008000000000000
atan2(7/1.,90 )2.5)	E„2.5“ unerwartet
rund((min(q,b,a)))	Eunbekannter Name „q“
45*LICHT )atan(b)	E„)“ unerwartet
atan2(atan2(min(pi)+(a),7),2.5)<wenn(min(q,1e-3 ,l,min(wenn(LICHT,l,l),1e3,l DECKE),(pi!=1e-3)),sin(q*90),rund(a))	E„)“ erwartet
max(l,1.)	=40a7700000000000
(1e3)/wurzel(pi/1e3)	=40d16c4f6f30c2a4
DECKE>-0.5	=3ff0000000000000
ab(1)^q	Eunbekannter Name „q“
atan2(1!=1e3/min(100,a)-(pi>=DECKE),-LICHT>pi+sin(.5 2.5))	E„)“ erwartet
1e-3^0.5>=-l^--LICHT==max(-a*7,l,min(q)>sin(0),q)*q ,(DECKE)^(2.5)	E„==“ unerwartet
min(2.5,q)	Eunbekannter Name „q“
--max(abs(-1)-0-q,rund(pi)<=DECKE,rund(90),3>3^(0.5))	Eunbekannter Name „q“
abs(min(wurzel(DECKE),atan2(GH,pi),GH>90,atan2(2.5,3)))	=3ff0000000000000
max(LICHT)	=40a4960000000000
GH-(0)==wenn(45,GH,q)	Eunbekannter Name „q“
auf(max(-3>45,atan2(0.5,l^b),rund(.5),DECKE)-(max(pi^.5)))	=406b600000000000
max(45^1.<ab(l)<=0.1,wenn(l,q<l^atan2(GH,DECKE),atan2((360),pi!=7)),rund(b))+q	E„)“ erwartet
atan2(.5,.5!=0.1<=1e-3+1.)	E„)“ erwartet
pi<atan(2)	=3ff0000000000000
(tan((2))^DECKE)	=261
(1e3==2.5-b)+abs(wenn(a,1e-3,DECKE)*-1-DECKE)	=406b80083126e979
cos(rund(2.5))	=3feff4c5ed12e61d
min(ab(2.5)) atan2(max(b,2.5,-1,pi),90==GH)	E„atan2“ unerwartet
max(GH,b,1.,1)	=40a64e0000000000
wenn(360,0,GH)	=0
(-1e3-1e-3)<=0.1	=3ff0000000000000
min(.5)-atan2(q,2)	Eunbekannter Name „q“
wurzel(b>=2.5)	=0
0!=1e3	=3ff0000000000000
a*1e3	=40a7700000000000
max(3,rund(a)==abs(l),max(90 LICHT,min(100,b,DECKE),pi>=DECKE),rund(wenn(.5,0.1,q)))>=3+360/1!=3	E„)“ erwartet
min(wurzel(l),min(LICHT,pi),q)	Eunbekannter Name „q“
-.5^1. ,100-1	E„,“ unerwartet
(0.1 ,a)	E„)“ erwartet
(cos(0.1+100)<=abs(100<l))	=3ff0000000000000
wurzel(a )45)	E„45“ unerwartet
wenn(2,l,3)	=40a7700000000000
LICHT/(2<=a) )(atan2(90,l))*l<wenn(1e3,90,45)^1	E„)“ unerwartet
-tan(atan(2.5<=GH))==wenn(ab(7),-pi,l-a)!=b-360^DECKE	E„!=“ unerwartet
((45>=7)>=(-DECKE)!=90<.5>=wenn(90,l,a))	E„)“ erwartet
(atan2(b,0.1)!=360==atan2(q/DECKE,0.1>GH))	E„)“ erwartet
max(GH,(GH-q))	Eunbekannter Name „q“
rund(-1.)	=bff0000000000000
--wenn(.5,2.5,wenn(1e-3,90,l))	=4004000000000000
atan(cos(wenn(-1<=LICHT pi>=1,(1>LICHT),atan2(-90,-q))))	E„)“ erwartet
wurzel(-wenn(45<=100,7+DECKE,abs(DECKE)))^q	Eunbekannter Name „q“
2+3	=4014000000000000
1e-3>DECKE	=0
min(l/wenn(1.,a,0.1)<0.1+pi ,360^GH<=-pi (0.5 min(wenn(360,1.,2),-45),min(90*rund(DECKE>=q)))	Eunbekannte Funktion „pi“
wenn(ab(min(2,q))-wenn(wurzel(0.5),min(LICHT,2,l),atan2(7,b)),wenn(-max(GH),LICHT,atan2(min(pi,a),-1)),LICHT<=DECKE>sin(GH))	E„)“ erwartet
DECKE<GH!=b<b	E„!=“ unerwartet
min(2.5,max(100,3,q)+100>90,-90*pi)	Eunbekannter Name „q“
wenn(DECKE,100,0.5<=1e-3)!=LICHT-2.5+min(q,1e-3)	Eunbekannter Name „q“
max(pi,a,.5)	=400921fb54442d18
45!=-1e-3	=3ff0000000000000
atan2(DECKE,0.1)	=40567e554d7fecd0
-atan(a)	=c051e429cc698771
b<=1e3	=3ff0000000000000
LICHT==atan(l)/2.5==-1e3	E„==“ unerwartet
min(((1e-3)))	=3f50624dd2f1a9fc
(pi*-0.5*b<l+DECKE==pi>=-3<LICHT^.5)	E„)“ erwartet
auf(0)+a>(90)	=0
atan2((l>=q-b),atan2(rund(1),-2) ,max(1,GH)>(2))-cos(LICHT>=rund(wenn(LICHT,GH,0)))	Eatan2() mit falscher Anzahl Werte
(q<=-1)<l==100!=100>b	E„==“ unerwartet
tan(l!=1.)	=3f91dfbd9410a422
pi )DECKE	E„)“ unerwartet
sin(l>GH>=-l)	E„)“ erwartet
max(atan(DECKE ,7),1,(atan(l)))	Eatan() mit falscher Anzahl Werte
wenn(a>=q,-LICHT,atan2(pi,0.5))!=360	Eunbekannter Name „q“
wenn(q^pi<1e3^GH==-1,abs(GH) cos(max(2,1,2.5)),90)	E„)“ erwartet
LICHT<sin(360)-LICHT	=0
max(max(wurzel(b),LICHT^2.5,GH),wenn(a/.5,(b),-.5))	=41b53e67e8f0fc4a
ab(-DECKE/(DECKE))	=bff0000000000000
wenn(-DECKE^pi,wenn(-LICHT,GH^l,l==b),atan(q<=2))<GH/1.	Eunbekannter Name „q“
wenn(auf(q==1e-3),1e3<DECKE*b*.5,wenn(pi/b,-DECKE,0==2))	Eunbekannter Name „q“
pi>LICHT	=0
ab(max(1,DECKE,1.)==wenn(pi,0,q)==tan(3)!=auf(l))	E„)“ erwartet
GH-a>a+q	Eunbekannter Name „q“
--1^-GH>q<=0*1./-wenn(-1>=0.1,ab(q),atan2(45,q))	E„<=“ unerwartet
wenn(rund(0.1 ,(2)>b),-90,100<=atan2((45),(1e-3))^DECKE)	Erund() mit falscher Anzahl Werte
b<=atan2(l,.5)!=ab(3)*1e-3==q>0	E„!=“ unerwartet
min(1e-3)	=3f50624dd2f1a9fc
wenn((wenn(pi,2.5,2.5))/wenn(100,-DECKE,LICHT>=DECKE),(90 ,1e3>max(2)),abs(pi))	E„)“ erwartet
2.5/a	=3feaaaaaaaaaaaab
q (a	Eunbekannte Funktion „q“
sin(-l)	=bfebb67ae8584cbe
sin(min(l/b)<min(-1)<=auf(360)<=0.1)	E„)“ erwartet
(-3)	=c008000000000000
(GH+90*1e-3>=(3))>=rund(-GH)	=3ff0000000000000
(1e-3==ab(90<1e-3)*(max(0,(2.5))))	=0
ab(90)*max(.5,min(1.,q)--1 (l,sin(b+DECKE))+min(q^q*-3!=wenn(-360,(90),(1e-3)))	E„)“ erwartet
(360)!=l ,1	E„,“ unerwartet
atan(l)^pi==GH	=0
ab(2.5)>DECKE	=0
90*q	Eunbekannter Name „q“
-100-LICHT>-3	=0
DECKE-0.5!=DECKE	=3ff0000000000000
wenn(LICHT,wenn((45/1e-3),b,-1)+atan2(1==q+90,.5>360^45),1)	Eunbekannter Name „q“
(auf(3)^1)	=4008000000000000
(l)-a<=GH	=0
-(wenn(1e-3,DECKE,b)>=pi)	=bff0000000000000
-(.5!=pi^atan(-1))	=bff0000000000000
b!=GH	=3ff0000000000000
min(atan2(-1==2,100!=DECKE),-360,(ab(1e3)),-0^l)	=c076800000000000
-DECKE!=1e3+1e3	=3ff0000000000000
max(abs((GH))*atan2(a*b^-1,DECKE<=pi*100!=GH),1e3^q)	E„)“ erwartet
(min((min(q,0)+0.1*3),sin(-1 ,(0.5))))	Esin() mit falscher Anzahl Werte
rund(b^0.5)	=0
max(LICHT,(pi))	=40a4960000000000
-l<0.1>0.1/1	E„>“ unerwartet
cos(wenn((GH),rund(45),sin(GH)))	=3fe6a09e667f3bcd
(--DECKE==LICHT-pi)	=0
90^--2.5	=40f2c2b58de4dda9
wenn((7),atan2(1,1e3),auf(1e-3))	=3fad55deb25c05c6
max(-1)	=bff0000000000000
q/max(GH,pi,0.5,q)-wenn(pi,0.5,a)	Eunbekannter Name „q“
l<=q	Eunbekannter Name „q“
min(pi,1.,LICHT,45)	=3ff0000000000000
atan2(sin(atan(pi)),1*b)	=4056800000000000
ab(2.5==wurzel(90))	=0
2<=2>=rund(wenn(-b,GH,90))	E„>=“ unerwartet
ab(atan2(ab(b)+GH-1e-3,cos(-100)))	=4056800000000000
abs((l))	=40a7700000000000
min((a))	=4008000000000000
3>atan2(atan2(7,DECKE),wurzel(.5))<pi<=pi	E„<“ unerwartet
atan2(-1,l)	=bf938e94d81fd9c1
wenn(b,0.5,2)<b*0-l	=0
(1e3)<(0.1)^.5	=0
min(b,abs(GH<1))	=0
(atan(atan2(DECKE^.5,wenn(7,l,3))))	=402fa1dc1583c295
(atan2(atan2(q,90)-100,45))	Eunbekannter Name „q“
(0/b)	ETeilung durch 0
-(LICHT)	=c0a4960000000000
wenn(0.5,LICHT,2)	=40a4960000000000
atan2(wenn(b,2,2.5),(GH))	=3fa9b01198795a70
-1.==wenn(l,0.1,7)-3^a ,-1>cos(360)	E„,“ unerwartet
45/3	=402e000000000000
a+0<=LICHT-(a)>=GH==a*a^1e-3	E„>=“ unerwartet
max(wenn(0.5/1./360>q,tan(45*GH),wenn(l,a,45)/DECKE)>=abs(45==3-l),-atan2(a,b)==atan2(DECKE,.5)-(DECKE)/LICHT,atan2(cos(pi),q>=0.5 wenn(l,360,a)))	E„)“ erwartet
wenn(0.5,(100),45)	=4059000000000000
-1^-q-b*0.5==GH>=1.+((1e-3))	E„>=“ unerwartet
3^.5	=3ffbb67ae8584caa
GH>=ab(l>1.)<=rund(1.)<atan(abs(360!=90))	E„<=“ unerwartet
atan2(-2.5,1e-3)	=c0567e8881a36446
GH--1	=40a6500000000000
-(1e3)*wenn(atan(0.1^7!=(DECKE)),tan((1))>1e-3,0.1)	=c08f400000000000
360==360*1+2	=0
ab((DECKE))	=406b800000000000
wenn(tan(3 ,2),max(q,wenn(2,q,q),100,2!=90),-3/pi )GH)	Etan() mit falscher Anzahl Werte
rund(l)/a/pi<(0.1)	=0
wenn(auf(GH),(DECKE),LICHT)	=406b800000000000
(min(l,pi,360,l))	=400921fb54442d18
(pi-GH*(pi))^sin(-a<=b*b)	EErgebnis ist keine Zahl
atan2(0,0+GH/GH>=LICHT<=45>-max(a,GH))	E„)“ erwartet
((DECKE))	=406b800000000000
wenn(wenn(2.5>90!=rund(a),7==a==(b),tan((DECKE)))!=0.1,(b)<=DECKE<q>=atan2((pi),2.5)*1e-3,max(.5,3,-min(a,a),atan2(GH>=2,wenn(1,pi,pi))) ,auf(wenn(.5,2,GH)-DECKE))	E„)“ erwartet
0.1<DECKE/2.5==l	E„==“ unerwartet
max(.5,0.1/1e-3)>3	=3ff0000000000000
(DECKE==1)	=0
wenn(7<max(GH,b,2.5),abs(1.)>=7,cos((1e-3)))<q^pi	Eunbekannter Name „q“
0>DECKE cos(b)	E„cos“ unerwartet
q^q/pi>=.5-1e3	Eunbekannter Name „q“
atan2(pi==-DECKE<=90>=LICHT,.5)	E„)“ erwartet
(q>=(cos(1e3))!=cos(-0.1))	E„)“ erwartet
.5*DECKE>=l	=0
1-wenn((1e3),-pi,7+1.)	=401090fdaa22168c
tan(wenn(100<q,1==0.5,pi))-b	Eunbekannter Name „q“
min(b,DECKE,l,q)	Eunbekannter Name „q“
ab(cos(90))	=0
max(a)	=4008000000000000
wenn(l,l,1e-3)<wenn(1,LICHT,l)	=0
tan(45<1*auf(360))	=3f91dfbd9410a422
rund((GH)+b--1<atan(100)>LICHT+a/90^min(pi,q)>=0.1!=45*DECKE)	E„)“ erwartet
((LICHT))*max(b,DECKE)>=a^0.5	=3ff0000000000000
min(min(360*1e-3+1e3),(wenn(l,0,3)/-7)) atan2(wenn(1.,(DECKE<=45),(7+100)),max(b )LICHT -1,1e3))	E„atan2“ unerwartet
l^7^1e3<0.5 ,90>=GH l	E„,“ unerwartet
atan2(100,1e3)	=4016d7a5ba394ac0
(1e3)*max(atan2(LICHT>=-1==(2),auf(DECKE>=1e3)),1.>(45)-1.==cos(pi),LICHT^(-1)/-1-a,wenn(1+100>=(1),tan(a<=LICHT),wenn(GH!=b,-1,GH*45)))	E„)“ erwartet
(1e3==1e3)	=3ff0000000000000
(q<a>=q/0)>=(wenn(1e-3+b,pi,0.1+DECKE))	E„)“ erwartet
atan(pi)>=l	=0
wenn(-a,wenn(wenn(1. (q,q/360,LICHT==7),-1-0.5,atan2(pi!=LICHT,LICHT)),-1e3/2 )b)!=rund(DECKE>=0.1^0.1 ,a)>=min(tan(auf(q)),b,l<=abs(DECKE))	E„)“ erwartet
(GH==pi)	=0
max(tan(100*.5),wenn(0,2,90)==0,pi)^b	=3ff0000000000000
-2==tan(-100)	=0
q>=7<=atan2(LICHT,100)	E„<=“ unerwartet
(b/-45>=pi-a^a)	=3ff0000000000000
atan2(GH,-1)	=40568148cdb2a66d
sin(atan(a)) ,pi^(360)!=GH!=GH*tan(100)<=tan(atan2(l,l))*pi!=7>a^min((-1>=pi),auf(-0.5),-7==atan2(45,100))	E„,“ unerwartet
-wenn(0,.5>=pi>(b),(pi/a))/b	E„)“ erwartet
wurzel(2.5)	=3ff94c583ada5b53
atan2(3,LICHT)	=3fb0b3115dc8df28
(3 DECKE)	E„)“ erwartet
auf(wenn(a,360,2))!=tan(3)>=1e3>1e3	E„>=“ unerwartet
rund(pi) (DECKE!=b>=0>0-.5*a	E„(“ unerwartet
max(360,-1+0<=DECKE,q)	Eunbekannter Name „q“
atan2(sin(-b),rund(0^360))	=8000000000000000
ab(a)>=atan2(b,7)<a^360+1e3^DECKE	E„<“ unerwartet
LICHT^0.5	=4049aa8733fdaa1f
q*q/a/2.5	Eunbekannter Name „q“
(2)!=l*LICHT!=b	E„!=“ unerwartet
l ,b	E„,“ unerwartet
l*1.	=40a7700000000000
a^DECKE	=55b9d807cb6dadd6
360==-.5	=0
(2^1e3^2)==ab(1.<l!=a+l)	E„)“ erwartet
wenn((ab(max(LICHT,GH,0.1,l)))^--a<=7,q,DECKE*LICHT -1^-1<sin(l==min(pi,-1)))	Eunbekannter Name „q“
3^a*1e3	=40da5e0000000000
wenn(-abs(100),45*0^0.1+LICHT,atan2(q,45) (.5))	E„)“ erwartet
sin(2.5)	=3fa65547c4694e11
b>pi )atan2(wenn(min(q,LICHT,DECKE,pi),0.5>.5,3)<=GH,atan2(ab(cos(360)),LICHT-b))	E„)“ unerwartet
.5<=ab(abs(wenn(pi,45,GH)))/(b)	ETeilung durch 0
abs(2.5)	=4004000000000000
cos(0)==pi	=0
wurzel(atan(1))*2^tan((atan(-1)))	=400ad5336963eefc
DECKE>3+0.5	=3ff0000000000000
(abs(45/a*90) ,360)	E„)“ erwartet
b<GH^q<l^pi<100	E„<“ unerwartet
-b (sin(DECKE)	Eunbekannte Funktion „b“
7!=b	=3ff0000000000000
l<=pi	=0
sin(1e-3)	=3ef24d15211536db
wurzel(-GH)	EErgebnis ist keine Zahl
-atan2(.5,pi)>2 )LICHT*a-q<=(wenn(pi,-1,pi))	E„)“ unerwartet
min(LICHT>-DECKE<DECKE,atan(cos(45/a)),auf(.5)>=90+a)	E„)“ erwartet
wenn(cos(q),l,q)	Eunbekannter Name „q“
-(-0>(100))+l	=40a7700000000000
DECKE==90*.5^1	=0
auf(3)==GH==sin(wenn(pi,100,1.))	E„==“ unerwartet
atan2(DECKE,l)	=4010c6d7da5656db
atan2(min(1e3,LICHT<0),wenn(0^1e-3,360,DECKE))	=0
tan(-LICHT)	=400127f33e8d1302
rund(atan2(1e-3!=1e3,100<=1.))	=4056800000000000
(max((pi<=DECKE),45))	=4046800000000000
l<=l	=3ff0000000000000
-wurzel((min(2.5)))>=-0	=0
q>=max(LICHT,GH,sin(1e3),DECKE)	Eunbekannter Name „q“
atan(1e-3 ,b)	Eatan() mit falscher Anzahl Werte
atan2(min(DECKE),2.5!=DECKE)	=40566f550e71dd81
0.1>wurzel(3)/-1e3!=-l+-.5/2.5>(q!=.5)	E„!=“ unerwartet
sin(-sin(2!=atan(0.5)))	=bf33f65f69e2ef31
GH+7>atan(pi)!=ab(90)<=90	E„!=“ unerwartet
3-tan(.5)*3^2.5-min(.5,q<a)	Eunbekannter Name „q“
GH^atan(45)	=7f96f6bd2bf8e8ec
DECKE^GH	EErgebnis ist keine Zahl
(0^GH<=GH*90)	=3ff0000000000000
atan2(0.1,a)	=3ffe8be36becc5b4
360*rund(90)*wenn(b,0.5,7)<=wenn(0.5,l,45)<=((1e3))<=LICHT	E„<=“ unerwartet
1e3!=1.<=a>q	E„<=“ unerwartet
wenn((l<0.5-1e3<90),b,wenn(1e3<=1e-3-0<45,rund(1)^wenn(90,LICHT,LICHT),atan2(rund(GH),-1e3)))	E„)“ erwartet
90/a!=(wurzel(-1))	=0
wenn(-q!=q>=DECKE,45,min(2.5<DECKE,pi+DECKE,atan2(360,3),-1<360))	E„)“ erwartet
atan2(a,3)	=4046800000000000
0+0.5	=3fe0000000000000
(atan2(2,2.5))	=4043547498cc7952
wenn(abs(l^1)^1.*0.1/wenn(GH,2,1e3),(100<=45 (LICHT),q)	E„)“ erwartet
(((LICHT/0.5) (-q>-1))	E„)“ erwartet
(-1.!=3)	=3ff0000000000000
tan(-pi>=7)	=0
cos(ab(3/DECKE))	=3ff0000000000000
wenn(LICHT,0.1,pi)<pi	=3ff0000000000000
1.==b!=2.5<=q	E„!=“ unerwartet
GH-1<=b==DECKE/1.==GH	E„==“ unerwartet
LICHT==a	=0
-ab(GH)==a!=7^wenn(a,45,0) pi )-1>-b	E„!=“ unerwartet
max((cos(max((0),a<=1.,atan2(GH,2)))))	=3f46f46e75a83be0
wenn(--100<2 (0.1,pi*(rund(3)),(.5 )0.5<=2))==wenn(max(b*3,min(GH,l,0.5,1e-3)),(2.5),100/LICHT 1)-wurzel(l*360!=pi)	E„)“ erwartet
1.<=1e-3-(q)	Eunbekannter Name „q“
-a/DECKE	=bf8bed61bed61bed
DECKE )cos(a)<(7>=l)	E„)“ unerwartet
(max(-.5,tan(DECKE)))	=3fead9e7783fbf1d
atan2(LICHT,-LICHT>=1e-3 (ab(b))	E„)“ erwartet
DECKE-l	=c0a5b80000000000
(wenn((GH>=45),q,atan2(0.5-.5,a^7)))	Eunbekannter Name „q“
(q)>=atan2(1e3,100)>=wenn(LICHT,1.,DECKE)+2+q	E„>=“ unerwartet
100<=2.5--45<=auf(b)^--1	E„<=“ unerwartet
(7>=a)^(LICHT<=LICHT)==1	=3ff0000000000000
q>min(DECKE*q>2.5==.5,LICHT^rund(0.5),auf(a)>=-LICHT)	E„)“ erwartet
(atan2(--0*-2<rund(b),-q<=DECKE ,atan2(DECKE,.5)))	Eatan2() mit falscher Anzahl Werte
atan2(a,wenn(0,DECKE,90)>wenn((7),(DECKE),l)==pi+pi<=(2.5))	E„)“ erwartet
--(ab(-90))	=c056800000000000
wenn(atan2(0.1,(LICHT))>LICHT,b,max(l))	=40a7700000000000
wenn(q,45,DECKE<2.5)	Eunbekannter Name „q“
abs(rund(45!=1))+tan((0.5))	=3ff023bec8bc200d
max((l),90) ((max(90,DECKE,l,2))	E„(“ unerwartet
1>=a	=0
atan(0.5) ,DECKE<2.5+.5<max(atan2(.5,-pi),wenn(q,GH-b,.5<=DECKE),max(1e3>=1e-3,1>360,2.5*90),-1<=1e-3<=100)	E„,“ unerwartet
3!=0.5	=3ff0000000000000
wenn(2.5,(q),atan2(7,pi))	Eunbekannter Name „q“
max(-GH,45,atan(ab(0)))	=4046800000000000
-1^a/1!=q*-1<=1<b<=DECKE<0.5*1	E„<=“ unerwartet
DECKE/0.5	=407b800000000000
(DECKE )360)<=max(l<=b,(0.5),wenn(45,b,a))	E„360“ unerwartet
DECKE<=(LICHT!=GH)*tan(45)*q (l+abs(0.1 GH)	Eunbekannte Funktion „q“
min(DECKE-pi<=45,LICHT<=100^max(DECKE,1.,0),wenn(45>0.1,3==pi,auf(pi)),-atan2(.5,pi))	=c022160c1a0c650b
ab(wenn(360,l,pi))	=40a7700000000000
-0.5^0	=bff0000000000000
min(-1.,a)	=bff0000000000000
1e3<DECKE	=0
90<45	=0
cos(atan2(a,.5))	=3fc50b06a8fc6b6d
1e-3>=wenn(wenn(2.5,1e3,2.5),(0),atan2(a,q))	Eunbekannter Name „q“
atan(1e-3)	=3fad55deb25c05c6
atan2(min((1+a)!=(l^l)),cos(wenn(pi,(pi)<=1e-3+.5,tan(GH-0.1))))	=4046800000000000
0>=1>=3*l	E„>=“ unerwartet
-pi>b/(DECKE+2)	=0
wurzel(0.5)^pi	=3fd58b3940afed18
DECKE>=atan(pi)<atan2(q-1,cos(DECKE))<=abs(100)	E„<“ unerwartet
((1)-q)/wenn(q,l,7)>pi>=l==max(90,min(.5,7,b,DECKE))	E„>=“ unerwartet
((wenn(DECKE-100,GH,(LICHT))/wenn(-1,-1!=360,b-7)))	=40a64e0000000000
min(l,2,45)	=4000000000000000
atan2(atan(pi),DECKE)	=403233dafbfa211f
atan2(0.1!=1.,(0.5))	=404fb7ac672cf11d
auf(1)	=3ff0000000000000
(a-0*((b)) wenn(wenn(-1,-1,b),max(q,l,q),-q))	E„)“ erwartet
max(wenn(pi,sin(q==b),atan2(min(a,b),1*b))>DECKE/1,wurzel(atan2(wenn(wenn(-1,q,3),(0),q),3!=q==b)))	E„)“ erwartet
sin(DECKE)^(((7))) wenn((1e-3<GH),l,-l-pi)	E„wenn“ unerwartet
max(-q,ab(b-90>atan2(pi,q)))	Eunbekannter Name „q“
wenn((LICHT)<-1,ab(0.5*LICHT),q==.5*atan2(pi,7))	Eunbekannter Name „q“
min(2.5,0.5,LICHT)	=3fe0000000000000
auf((b))/0.1!=(q)==-1	E„==“ unerwartet
(wenn(0,l,-1.))	=bff0000000000000
(2-wenn(GH,0,b))	=4000000000000000
max(min(atan2(q,pi),l-GH),0,rund(l ,pi)) abs(1*360)>=.5*min(wenn(GH,a,.5),(l^1e3) )0.1<=0==pi<b,tan(max(q*GH,LICHT)),1e3)	Erund() mit falscher Anzahl Werte
wenn(LICHT>=a,min(2.5,LICHT,pi)/360,l*1e3==LICHT)	=3f7c71c71c71c71c
a<-1>-0*(wenn(1e3,1,q)) wenn(q )q<=pi,wenn(abs(l),wenn(GH,100,pi),b>GH),1e-3-b^--1)+auf(sin(atan2(sin(1e3),wenn(q,0,q))))	E„>“ unerwartet
abs(1.-7)	=4018000000000000
abs(1e-3)<a>0.1	E„>“ unerwartet
atan2(a ,pi,1e3+100)/atan2(-b,rund(-1))	Eatan2() mit falscher Anzahl Werte
wurzel(2)	=3ff6a09e667f3bcd
wurzel(GH-2.5)	=404ab453956f1b2a
tan(a)/-(360)	=bf2314c252990ff7
rund(ab(.5))	=0
atan2(a,max(atan2(LICHT,2.5)/GH,GH))	=3faed348166898c5
pi<=0	=0
cos(b>=1)	=3ff0000000000000
abs((q))	Eunbekannter Name „q“
atan(pi)	=405215f733060feb
wenn(45,1e-3>=abs(q==wenn(1,DECKE,2.5)),-1e-3*2<=min(100)==wurzel(-0.1))	E„)“ erwartet
tan(DECKE^pi)	=c0185d196c07dc76
(45 ,90==ab(DECKE))	E„)“ erwartet
l==(pi)	=0
90^-1	=3f86c16c16c16c17
abs(q>=b)	Eunbekannter Name „q“
atan(wenn(1e-3,1e-3,q))!=a<(GH*DECKE)>=wenn(wenn(l,2.5,GH),DECKE>=1e3,DECKE)	E„<“ unerwartet
min(a,DECKE)	=4008000000000000
3<DECKE	=3ff0000000000000
--1e3<=abs(l)	=3ff0000000000000
max(wenn(atan2(-b+pi<DECKE,-a*q),(2.5^1^sin(3)),min((2.5)*wurzel(100),atan2(0.1>pi,q<DECKE),atan2(1e-3,max(1e3)),a)),l,1e3,atan2((-0.5*DECKE),2^wenn(DECKE<.5,0.1-3,0+360)))	Eunbekannter Name „q“
abs(-max(-1e3<GH))	=3ff0000000000000
sin(cos(LICHT))	=bf7e364f7bc4c3ad
atan2(LICHT,1e3>=1e3)	=40567e9bbe848d08
DECKE!=0.5	=3ff0000000000000
min(wenn((0),(GH),a<360),-GH*90,-GH-l)	=c10f5db000000000
wenn(tan(7),min(q,0.1,a),100<=q)	Eunbekannter Name „q“
(-tan(7))<=7>=min(0.1,b,0.1) )DECKE-1e-3	E„>=“ unerwartet
pi!=pi	=0
2*(1.)	=4000000000000000
-(l/-1)^.5+360*3^0.1	EErgebnis ist keine Zahl
cos(0)+1e-3/q>=q	Eunbekannter Name „q“
ab(DECKE)	=406b800000000000
min(1e3)	=408f400000000000
1e3>0	=3ff0000000000000
abs(1e-3>2.5!=a<=0.5)	E„)“ erwartet
-.5<=min(LICHT)	=3ff0000000000000
(a)<=((l))/100>=1e-3<1*1e3	E„>=“ unerwartet
rund(7)	=401c000000000000
a<=7==a	E„==“ unerwartet
wenn(90,LICHT,q)	Eunbekannter Name „q“
pi ,l	E„,“ unerwartet
(LICHT-b)	=40a4960000000000
LICHT^.5	=4049aa8733fdaa1f
a*pi	=4022d97c7f3321d2
(0)/wurzel(rund(GH))	=0
l-100 rund(pi)	E„rund“ unerwartet
LICHT!=l+7	=3ff0000000000000
0.5^0.1>=0.5	=3ff0000000000000
atan2(GH,sin(atan2(90,2.5)))	=40567eb752c1fe31
max(auf(DECKE))	=406b800000000000
atan2(pi!=-1,DECKE+100)	=3fc6eb1197dfa923
l!=(2)^100!=45	E„!=“ unerwartet
auf(l+-0 ,atan2(l,a))	Eauf() mit falscher Anzahl Werte
abs(min((q+LICHT)))	Eunbekannter Name „q“
100==90!=(90)	E„!=“ unerwartet
min(atan(-90>max(1e3,GH,b,l)),-GH==max(-pi) ,auf(2<=l (7),atan2((atan(2)-1==.5),l),b)	Eunbekannte Funktion „l“
wenn(wenn(b,.5,l),-q,1)	Eunbekannter Name „q“
cos(DECKE)	=bfe8836fa2cf503a
wenn(max(wenn(3,360,a),atan2(l,pi),atan2(b,DECKE),0.1^.5),(a<l),wenn(.5,(2.5),0))	=3ff0000000000000
atan2(GH!=2.5,l)	=3f938e94d81fd9c1
b>7*-1.+LICHT>=rund(--LICHT<wurzel(q)!=atan(pi))	E„>=“ unerwartet
wenn((LICHT<=GH),wenn(abs(DECKE),0*pi,2.5<=1.),(max(90,q)))	Eunbekannter Name „q“
q-a	Eunbekannter Name „q“
wenn(wurzel(LICHT>45<=LICHT>(360)*wenn(3,1e3,3)),abs(q-a/GH)==wenn(360,-45!=1,(-.5)),90/atan(LICHT/DECKE/(-1)))	E„)“ erwartet
-a==DECKE^DECKE==1e3	E„==“ unerwartet
min(-min(b/3)/((-1) ,DECKE),-pi>=q,wenn(q,LICHT,tan(2.5)),((DECKE 3)/auf(LICHT-pi)))	E„)“ erwartet
45/l	=3f8eb851eb851eb8
GH<pi*DECKE/rund(atan2(pi,0.5))	=0
b<=l>=wenn(wenn(pi/2.5,q,-1e3),q,a)	E„>=“ unerwartet
wenn(wenn(1,q,DECKE),0>=q,abs(a))	Eunbekannter Name „q“
max(-b,3!=2.5,2)	=4000000000000000
auf(ab(rund(atan2(100,100))))<1e-3	=0
0.5==0.5	=3ff0000000000000
b+90	=4056800000000000
atan2(l,1)<=GH	=3ff0000000000000
3+pi!=(LICHT)	=3ff0000000000000
(max(pi/0,l,(b)^DECKE,pi)) (3*l--q!=2.5<atan(1)<DECKE	E„(“ unerwartet
abs(wenn(7,DECKE,GH))	=406b800000000000
atan2(sin((-1)),l<3+1)<.5	=3ff0000000000000
wenn(atan(wurzel(min(0.5,1e3,-b,LICHT))),auf(100),wenn(wenn((q),(b),7<45),min(DECKE<q,atan2(l,GH)),1)==q)	Eunbekannter Name „q“
wenn(atan2(wenn(0.5>GH*-l,(ab(-1)),wurzel(1e3)),a),atan2(b,90),abs(GH)<=0.5)	=0
DECKE+--atan2(0.1>l,.5<b)	=406b800000000000
atan2(90,pi)	=4056000d4c9976fb
0*1.!=(2.5)<=(rund(pi))>=min(wenn(360+b,a,LICHT ,90),pi<q>1e3+0.5,-(a),2.5*DECKE^q ,1)!=(2)==q<=GH (2.5>=abs(3)>-auf(l<=q)	E„<=“ unerwartet
sin((b))	=0
wenn(0.1,cos(-pi)<1,ab(atan2(0.5>=3,DECKE)))+wenn(ab(q),-1e3!=2,atan(7)^GH)==1.>((a))	E„>“ unerwartet
wenn(q,2.5>45,(0.1))	Eunbekannter Name „q“
wurzel((100))	=4024000000000000
max(-0^2.5<=atan2(100,0.1),.5)	=3ff0000000000000
ab(1e3)==1.-1^max(DECKE*LICHT,GH==LICHT)	=0
-(b<=b)+90^sin(atan2(GH )2,ab(DECKE))*pi)	Eatan2() mit falscher Anzahl Werte
cos(360/0-a)	ETeilung durch 0
min((wenn(GH,wenn(0.5,7,a),-GH))*(min(pi,pi)-b+100),360)	=4076800000000000
(-0.1)*min(2,(GH),atan2(a,pi))	=bfc999999999999a
(q*0.1 cos(pi))	E„)“ erwartet
wenn(0.5,auf(LICHT)==--ab(GH),-cos(1e3==2.5!=2.5>0))	E„)“ erwartet
wenn(tan(LICHT)^a>.5,abs(ab(min(2,1e3,1e-3))),atan2(45+l,q)>45<=2/rund(q))	E„)“ erwartet
(cos(1+l<l*a))	=3feffec097f5af8a
.5<=(abs(max(1e-3,b,LICHT)))	=3ff0000000000000
((auf(a))^max(a,q,l,100)-atan2(90,LICHT))	Eunbekannter Name „q“
-1>DECKE==45	E„==“ unerwartet
1e-3<2 360<b	E„360“ unerwartet
wurzel(((0.1/0)))	ETeilung durch 0
atan2(wurzel(l),-GH!=LICHT)<-2.5>wurzel(-1)>wenn(atan2(.5,LICHT),b!=LICHT,(a))*1.	E„>“ unerwartet
-.5<b>=DECKE	E„>=“ unerwartet
-3<=LICHT	=3ff0000000000000
(tan(LICHT)-(2))<q^-pi	Eunbekannter Name „q“
-((GH>a))	=bff0000000000000
q>(pi)	Eunbekannter Name „q“
2.5<=q )1.	E„)“ unerwartet
rund(LICHT)-1e3!=a	=3ff0000000000000
(LICHT*100<=1.-pi)	=0
wenn(-(q),LICHT,0)	Eunbekannter Name „q“
100>=-min(.5,DECKE,90,45)/360+q	Eunbekannter Name „q“
rund(rund(auf(2))==a)	=0
-b!=2.5/-1<=2.5 )-DECKE^q	E„<=“ unerwartet
wenn(atan2(b,360),(pi),GH)	=40a64e0000000000
atan(min((1e3)>0.5,2.5)>-1)	=4046800000000000
wenn(45,GH,7)	=40a64e0000000000
max(tan(.5<=b),(LICHT),7)	=40a4960000000000
2^3	=4020000000000000
3!=7*(-1)	=3ff0000000000000
min(.5^b,a==1,max(0,LICHT,a,-1))<1e-3>b*b-DECKE	E„>“ unerwartet
cos(max((-2.5),atan2(cos(q),LICHT)))	Eunbekannter Name „q“
auf(b)!=a	=3ff0000000000000
-(.5)	=bfe0000000000000
(rund(DECKE))-(pi)	=406b1b7812aeef4c
-wenn(1,0,90)	=8000000000000000
--b!=DECKE^atan2(0.5,l)	=3ff0000000000000
ab(auf(1e3)<-2)	=0
atan2(1e3^1,max((90)>(1.),((GH)),max(q<45,tan(q),7<=.5),pi-100>=2.5+a))	Eunbekannter Name „q“
wenn(rund(GH)/max(2,2.5,0.1)!=LICHT,max(auf(wenn(b,2.5,1)),tan(0.1)*(DECKE),(DECKE>=-1)),pi<=(1)+-LICHT!=100-DECKE)	E„)“ erwartet
LICHT<=wenn(b<=-b==pi,wenn(a,auf(LICHT),-0)<=(pi-1.),100>DECKE+b )-1/(45<=a))	E„)“ erwartet
wenn(LICHT+3,cos(2),45)^DECKE	=3febfc3849efad16
0-100	=c059000000000000
wenn(3<=100 (1.*q,-1,q)>=LICHT>=GH+3/LICHT )LICHT	E„)“ erwartet
wenn((-3),max(pi,l),l)	=40a7700000000000
(100 )-1)	E„)“ unerwartet
min(-1,1.,wenn(0.5,DECKE,3^7),wenn(abs(1*2),atan2(wenn(b,0.5,0),b<-1),100))	=bff0000000000000
0-wenn(-1e-3/wenn(q,pi,2.5),b,min(1e-3,rund(3),pi==l,DECKE)>=3!=.5>2.5>2)	E„)“ erwartet
7>2	=3ff0000000000000
90<b	=0
1+2.5	=400c000000000000
auf(min(1,pi))/-1/q+tan(q)*1	Eunbekannter Name „q“
90+a	=4057400000000000
ab(pi<=0)	=0
atan2(90,1e-3)	=40567ff591d2b976
cos(-1e-3)	=3fefffffffeb111d
b<=2.5	=3ff0000000000000
min(45<=.5)	=0
wenn(90,atan2(ab(l!=q),100+-1.),360/b)==2^b==pi<=0.5==auf(atan(2))-GH	E„==“ unerwartet
(3)>=1e3	=0
q+2.5	Eunbekannter Name „q“
wenn(pi<=LICHT,3+LICHT,min(45))	=40a49c0000000000
sin(3)	=3faacbc748efc90e
pi<2.5>GH>1e3	E„>“ unerwartet
0^1e-3	=0
(0==DECKE)>wenn(360,b,q)==min(b)	E„==“ unerwartet
max(-1,3,b)	=4008000000000000
pi!=100	=3ff0000000000000
atan2(1,1e-3)	=40567c554429b480
atan2(q,DECKE)	Eunbekannter Name „q“
3>pi	=0
pi^GH>LICHT<a^wenn(GH,pi,3)==DECKE	E„<“ unerwartet
atan2(2,ab(pi>a))	=404fb7ac672cf11d
-abs(1>360 )7>b)	E„7“ unerwartet
wenn(GH*q,LICHT*a,atan(1e3)) )cos(100)==1e3^DECKE ,cos(atan2(-1<pi,l+90))	E„)“ unerwartet
-pi+3!=-45	=3ff0000000000000
atan2((b)<=(1),45)/(sin(b)==min(1e3,q))	Eunbekannter Name „q“
b )1e3	E„)“ unerwartet
wenn(GH,pi,DECKE)	=400921fb54442d18
max(rund(wenn(DECKE-LICHT>(100),atan(GH),.5)),wenn(wenn(LICHT,cos(GH!=b),(pi)==l==b),-(GH)<=(2),360+wenn(360,DECKE,45*1)),-l)	E„)“ erwartet
cos(0.5)	=3fefffb02599c9cd
wenn(GH/pi,2.5,pi 1e3)<GH>=q-auf(7)	E„)“ erwartet
q!=LICHT	Eunbekannter Name „q“
GH-360	=40a37e0000000000
-360/GH>=3<=a*0.5	E„<=“ unerwartet
q/7*(0)	Eunbekannter Name „q“
sin(pi)	=3fac0f39db07ac3f
min((b>0.1)==pi/b>=b>=1e3,tan(wenn(-b )(pi),.5,wenn(-1!=DECKE,.5,ab(q)))),atan2((1e3),0))	E„)“ erwartet
(-a--0.5)	=c004000000000000
b/a	=0
DECKE==min((-360),-(DECKE)/.5/1.,max(a!=-0),wenn((1.),b!=GH,-1>=q)+atan2(-1<DECKE,atan2(1e-3,90)))	Eunbekannter Name „q“
0*GH	=0
a-GH/.5	=c0b64b0000000000
wenn(atan2(-1!=a/(0.5)<(1e3!=pi),wenn(LICHT^a,(0.1/1e-3),GH!=.5<=wurzel(90))),tan(-1.)==auf(0.5^0.5)==wenn(rund(l)/90,(GH^45),1e3),(360))	E„)“ erwartet
wenn((wenn(45,1e-3,l)),atan(-a),min(max(GH,2),(b),2>b,cos(0.1)))^(wenn(DECKE,7,pi) (DECKE))==(cos(atan(DECKE)>=(0.5)))	E„)“ erwartet
cos(cos((DECKE)))	=3fefff44900a7e28
(0<pi)<(wenn(GH,2.5,DECKE))	=3ff0000000000000
-(LICHT)*100<.5-pi<=(l)	E„<=“ unerwartet
min(-atan2(3,(l)),max(atan(pi),LICHT,360+-1) ,l^l>=b,0,-1-GH<(b)<=auf(-GH))==DECKE	E„)“ erwartet
(wenn(DECKE==atan(GH==0.5),1e-3>-l-0>(7),3<1e-3==a!=abs(a)))	E„)“ erwartet
GH/a	=408dbd5555555555
atan(max(100,DECKE,pi,b))	=40566f550e71dd81
-GH<=pi	=3ff0000000000000
min(min((GH))*max(1e3)^atan2(7,pi)>=45,-min((l)-q<=l,min(tan(1.),wenn(l,1,1e-3)),min(abs(0.5),.5>=100,b<l)),(-GH^l<=.5))	Eunbekannter Name „q“
a+GH--pi==-wenn(q,a,l)	Eunbekannter Name „q“
b>=min(min(b,0.1,DECKE,45))	=3ff0000000000000
pi/-1	=c00921fb54442d18
b!=wurzel(q)	Eunbekannter Name „q“
wurzel(DECKE==GH*pi)	=0
cos(0.1<360)	=3feffec097f5af8a
7>=0.5	=3ff0000000000000
min(90<GH,a<=LICHT,l)>-pi^a	=3ff0000000000000
-(7)<=(abs(90))	=3ff0000000000000
min(1e-3==45,(0),rund(90))	=0
(atan2(3,l!=2))	=4051e429cc698771
LICHT>wenn(1,GH,90)	=0
rund(((2.5)))	=4008000000000000
q^b	Eunbekannter Name „q“
wenn(abs(LICHT),(q),1e3)	Eunbekannter Name „q“
rund((b))	=0
wenn(atan2(wenn(a,GH,3),GH>DECKE),q (GH==45,min(b<=2.5,LICHT,a/360))	Eunbekannte Funktion „q“
atan2(.5,q)	Eunbekannter Name „q“
ab(100 (a)	E„)“ erwartet
1./GH!=q>(7)	E„>“ unerwartet
wenn(wenn(3,b,q!=3),l*pi+sin(l),100<0.1 (a*1e3)	E„)“ erwartet
a<1	=0
wenn(0.1,b,LICHT)	=0
1e3 (b	E„(“ unerwartet
min(pi,a,LICHT)	=4008000000000000
-min(.5,(1),DECKE+45,b)-90	=c056800000000000
atan2(3^DECKE,pi)	=4056800000000000
atan2(1e-3,1)	=3fad55deb25c05c6
abs(l)*ab((1))<a	=0
wenn(tan(min(.5,l)),(7),ab(b)-GH>45)+LICHT	=40a4a40000000000
-1<LICHT	=3ff0000000000000
rund(100!=90<sin(GH))	E„)“ erwartet
abs(sin(1e3)>45<=-1)==(q)	E„)“ erwartet
tan(1)	=3f91dfbd9410a422
wenn(7,(pi),q)	Eunbekannter Name „q“
atan2(100<=pi,(45))>=(360)>=0.5-a	E„>=“ unerwartet
ab(LICHT)	=40a4960000000000
DECKE<l	=3ff0000000000000
wenn(1e-3,-1,0)	=bff0000000000000
.5<(DECKE)	=3ff0000000000000
DECKE==DECKE	=3ff0000000000000
q*100	Eunbekannter Name „q“
(-atan2((90)!=min(a,0,LICHT,LICHT),(45)+-pi))	=bff5e589a741fc6d
tan(--1)	=3f91dfbd9410a422
atan2(1e-3-360,b/100)-2.5<wenn(DECKE,7,-1.)^atan2(a,q)+LICHT	Eunbekannter Name „q“
LICHT*pi	=40c02b0c5ec59bc2
(ab(DECKE)>=(LICHT))	=0
sin(min(0.5))	=3f81df37c4954c21
min(DECKE,LICHT,a)^1e3	EErgebnis ist keine Zahl
(0)^1e3+pi	=400921fb54442d18
l*--1/b	ETeilung durch 0
2^(3)	=4020000000000000
(min(l,a))*ab(atan2(LICHT,7))	=4070b00000000000
(wenn(pi,2,pi))	=4000000000000000
2.5!=.5>=q	E„>=“ unerwartet
max(DECKE<q,0,GH<2.5,sin(90))<=3/DECKE<cos(GH)	E„<“ unerwartet
tan(2)	=3fa1e12295d61fc2
tan(atan2(wenn(0.1+7,LICHT/q,0.1/b),rund((b))))	Eunbekannter Name „q“
l>1e-3*0.1	=3ff0000000000000
(360)/(pi)<l	=3ff0000000000000
tan(l)	=bffbb67ae8584cfa
wenn(a>LICHT,.5,360<=q)	Eunbekannter Name „q“
auf(a)	=4008000000000000
-b==1>LICHT-GH	E„>“ unerwartet
ab(-(q)/sin(q)>45)	Eunbekannter Name „q“
-a>q	Eunbekannter Name „q“
-wenn(min(wurzel(360),atan2(1e-3,GH)),min((a),abs(LICHT),0.5>=q),GH^pi)<=max((GH)^-1+abs(DECKE)!=l-a,auf(wenn(b,LICHT,360))==100>(pi),-1!=GH<=GH)	E„)“ erwartet
(-wenn(0.1,a,2))	=c008000000000000
max(wenn(0.1,2.5,LICHT),l+0.5,atan(7))!=-l	=3ff0000000000000
-DECKE^1.<=-cos(GH)	=3ff0000000000000
wurzel(atan2((l^-1),1e-3))!=q>q==(90)-ab((100))	E„>“ unerwartet
-tan(GH)+l	=40a770eebfe09b4d
min(GH>=(max(GH,1e-3,b,DECKE) )-45))	E„)“ unerwartet
auf((a) )cos(a>45))+min(wenn(pi,0.1,ab(45!=1e-3)),(min(DECKE)>45*DECKE))	E„cos“ unerwartet
0.5-1e3	=c08f3c0000000000
wenn(2,0.5,0.5)	=3fe0000000000000
atan(DECKE>=LICHT)	=0
-l==-q	Eunbekannter Name „q“
min((atan2(atan2(a,1e-3),a)),-DECKE,l)	=c06b800000000000
atan2(360,(wenn(wenn(DECKE,a,2.5)*-a,-0.5<=360<1e3,2.5)))	E„)“ erwartet
wurzel((q))/LICHT==.5>DECKE	E„>“ unerwartet
7<q	Eunbekannter Name „q“
(atan2(2,a))	=4040d85421f80eb2
-abs(1e3)	=c08f400000000000
-360<2.5==wenn(GH,DECKE,1.)/0.5*GH<pi	E„==“ unerwartet
abs((LICHT))>-l+2.5	=3ff0000000000000
-0 (0.1+a<-max(GH,1e-3)	E„(“ unerwartet
atan((a))	=4051e429cc698771
atan2(GH,7)	=4056770261458988
-atan2(-q>-1<rund(q),cos(.5))	E„)“ erwartet
(sin(wenn((pi),-.5,DECKE)))<=atan2(-1,wenn((2.5<0.5),DECKE*90!=90,1e-3-LICHT==a))	=0
atan2(a,0.5)-atan2(0.5,LICHT)==(100)/GH	=0
max(LICHT,-a)-max(wenn(.5,LICHT,DECKE),abs(b),0==GH,abs(DECKE))	=0
sin(pi!=GH+abs(a)<=-(90)--sin(2.5+2.5))	E„)“ erwartet
(wenn(360,GH,((pi))))	=40a64e0000000000
q!=1	Eunbekannter Name „q“
wenn(GH,360,q)==-a	Eunbekannter Name „q“
sin(1<7)	=3f91df0b2b89dd1e
-.5>=45!=-1.^b	E„!=“ unerwartet
min((atan2(b,q)+q>=pi))	Eunbekannter Name „q“
-1e-3<=0.5!=b	E„!=“ unerwartet
-l ,360>=DECKE<tan(2.5)	E„,“ unerwartet
max(q,45^LICHT)!=wenn((DECKE),LICHT,wenn(b,a,1e3))-(abs(abs(pi)))	Eunbekannter Name „q“
a>l	=0
atan2(0.1,90)	=3fb04c264db5a9da
wenn(min(GH,DECKE,q,b),min(LICHT),atan2(q,q))<atan2(0,LICHT^2.5)	Eunbekannter Name „q“
sin(rund(max(q)))	Eunbekannter Name „q“
cos(0.5/min(LICHT,DECKE,LICHT,90))	=3feffffffd79ea46
cos(1.)	=3feffec097f5af8a
atan2(atan2(q,l),LICHT>=1e-3)	Eunbekannter Name „q“
atan2(DECKE,3<45<(1.))	E„)“ erwartet
45 (GH^l!=ab(360-0.1)>a<=(b^LICHT!=DECKE>GH+atan2(b,2.5)^0.1)	E„(“ unerwartet
-wenn((1e3),min(LICHT),-1==2)*0.5/-q )max(wenn(45,pi,1e-3))	E„)“ unerwartet
atan2(pi-90/-2>=2.5^2.5,wenn(wenn(1e3!=2,(l),0.5)>ab(LICHT)>=90,(GH),tan(0+a--3)))	E„)“ erwartet
auf(cos(DECKE))	=8000000000000000
3-DECKE>=max(1e-3)-(b)-(.5)==b	E„==“ unerwartet
1e3>LICHT	=0
(cos(pi))	=3feff3b04b7a106f
b^7	=0
min((l==b),-b!=-90)	=0
atan2(100,100)	=4046800000000000
wenn(cos(atan(atan2(q,q)) )atan2(b,a)!=a),max(GH,wenn(2!=DECKE,max(1e3,7),wenn(q,3,45)))>(-45^wurzel(.5)),2.5)	E„)“ erwartet
0.1/b*45/2.5	ETeilung durch 0
max(--LICHT)<=auf(2.5<q--1<GH)	E„)“ erwartet
wenn(wenn(a,q,LICHT)^GH,(-1>pi),wurzel((100)))	Eunbekannter Name „q“
auf(1e3^GH)	EErgebnis ist keine Zahl
wurzel(wenn(-auf(l),(-DECKE),ab(GH)>auf(a)) ,-max(max(1e3),7!=0.5,a<q,0.5/a))	Ewurzel() mit falscher Anzahl Werte
tan(rund(GH))	=bfddd7fc13699aaa
0.1^tan(-0)<=1e3	=3ff0000000000000
(0*DECKE)	=0
wenn(100==b<1,pi,.5-1e-3<LICHT 1e3)	E„)“ erwartet
b-a	=c008000000000000
(pi!=GH)	=3ff0000000000000
max(pi/pi,-0.1)	=3ff0000000000000
min(pi)<-l/min(.5,1e3,-1,1)+-a*rund(pi)!=-a+b	E„!=“ unerwartet
(LICHT>=0>pi>wenn(pi,q,b)+2<=auf(b*l)!=-1)	E„)“ erwartet
(b*2)	=0
cos(max(-a)-wurzel(auf(2.5)))	=3fefe413a331f779
(DECKE)-tan(sin(b)<l)	=406b7f7102135f7b
-DECKE-1e3==q!=-atan2(a,0.5)	E„!=“ unerwartet
DECKE/b>=b-0>b==(l)	E„>“ unerwartet
b-1	=bff0000000000000
rund(GH)	=40a64e0000000000
90<a	=0
wenn(45==45!=atan2(b,l),2<90/(q),-1)	E„)“ erwartet
wenn(sin(DECKE<=100),(DECKE>=pi),GH)	=40a64e0000000000
max(360,3,a)<atan2(q,a)==wurzel(a)+q>=0.5	E„==“ unerwartet
b*0.1	=0
-1<=--1<=1e-3 (GH+2	E„<=“ unerwartet
auf((b))	=0
(2-a*0.5!=GH)	=3ff0000000000000
abs(1e3)	=408f400000000000
(wenn(LICHT,l,1.))	=40a7700000000000
max(2,atan2(a,100),sin(1.),ab(l))>(2==b)^(0)	=3ff0000000000000
--q==auf(0.5 ,360)	Eauf() mit falscher Anzahl Werte
(-l<a>=.5) (1	E„)“ erwartet
1.+90	=4056c00000000000
wenn(DECKE,DECKE,DECKE)	=406b800000000000
wenn(ab(LICHT )a),-100,-LICHT)	E„)“ erwartet
90-1e3	=c08c700000000000
wenn(LICHT,0.1,0>q)	Eunbekannter Name „q“
2.5!=atan2(-1>=7,l)	=3ff0000000000000
atan2((100 (0.1)==-0.1,-(LICHT^a))	E„)“ erwartet
--rund(a)	=4008000000000000
(min((LICHT^2.5),-b>=360,GH/100>=l)*.5)	=0
wenn(1e-3^atan2(90,0.1),((2.5)),(b))>b/100>0.1==cos(3)	E„>“ unerwartet
atan2(a/3+GH*q,90/ab(LICHT))	Eunbekannter Name „q“
1e3*-1	=c08f400000000000
ab(wenn(0.5,q,a)!=DECKE>=DECKE==-sin(rund(q)))	E„)“ erwartet
max(7)	=401c000000000000
atan2(wenn(q,b,1.),.5 ,0.1)	Eatan2() mit falscher Anzahl Werte
wenn(atan2((0.5)-GH!=2,wenn(.5,3,q)==pi*pi),atan2((q),-360)>=max(LICHT,q,1e-3,1)!=a,wenn(100 )GH,((45)),-pi<360))+0	E„)“ erwartet
(b ,2-90==b/0.5)	E„)“ erwartet
0<=2.5+a+l!=pi>=(GH)	E„!=“ unerwartet
1e3<3	=0
(min(45,LICHT,GH))-45	=0
rund(90/b)	ETeilung durch 0
GH!=360	=3ff0000000000000
max(0,l,1)/1e-3	=4146e36000000000
(a LICHT)	E„)“ erwartet
atan2(0.1,7)	=3fea30c98225ecff
1e-3+wenn(0.5,b,-1)	=3f50624dd2f1a9fc
pi ,pi	E„,“ unerwartet
min(1)	=3ff0000000000000
wenn(.5>=b,q,pi)	Eunbekannter Name „q“
wenn(-abs(1e3)>b+90<=atan2(GH,DECKE<=3)!=q<=.5<=pi^LICHT,-0,rund(LICHT))	E„)“ erwartet
((0))<(atan2(2,DECKE))	=3ff0000000000000
0-.5	=bfe0000000000000
(GH==pi*2.5-2.5)!=sin(cos(atan2(atan2(GH,DECKE),-1.)))	=3ff0000000000000
(3/1e3)	=3f689374bc6a7efa
atan2((ab(1e3)),b )-1^a)>1e-3*0	E„)“ unerwartet
GH<b<=90<=100-45+l	E„<=“ unerwartet
-90!=max(q,2.5,a)	Eunbekannter Name „q“
(DECKE ,b)	E„)“ erwartet
sin(q-2<(q)<(pi) )2.5>=wenn(LICHT-100,abs(pi),max(1e3))<=2.5*0.1>pi)	E„)“ erwartet
LICHT!=3	=3ff0000000000000
0.5>.5	=0
atan2(max(l,a,b),b)*GH>=b>LICHT>DECKE	E„>“ unerwartet
wenn(1e-3,0>-0,0)	=0
(-2.5 (DECKE<=45)	E„)“ erwartet
atan2(wenn((wenn(--1,-DECKE,0-3)),(wenn(q,360,-b)),atan2(1.+a,l/-1)-b),sin(atan2(max(LICHT),wurzel(3)==l^100)))	Eunbekannter Name „q“
360 pi^wenn(q,DECKE,0.5)	E„pi“ unerwartet
45<1e-3	=0
((b)*tan(pi))	=0
wenn(wenn(LICHT,0.1,q),q!=GH,atan2(.5,q))	Eunbekannter Name „q“
(-l) (0.1)-1e3<=LICHT<=wenn((1e3),(a),100)<=atan(GH GH)	E„(“ unerwartet
100<=abs(-2.5)	=0
wenn(360<=b,1e3,(DECKE)/b-LICHT)	ETeilung durch 0
atan2(l,0.1)==1	=0
max(b,q,l)-min(0,LICHT,0)	Eunbekannter Name „q“
l+1.>wenn(-1,90,1e-3)^sin(wenn(b,-1,l))*-1	=3ff0000000000000
-b*wenn(.5,a,l)	=8000000000000000
0/-1*wenn(GH,0.5,1e-3)^b^-1-(GH)-(b)>-0.1	=0
wenn(wenn(1e-3^q,l,(90)),ab(0>1),(wurzel(2.5)))>(ab(GH/DECKE))	Eunbekannter Name „q“
(wenn(90<=(GH),wenn(LICHT,wenn(ab(2),1.*0.5,LICHT),cos(1e-3+DECKE)),360^2.5))	=3fe0000000000000
auf(360)	=4076800000000000
(max(2.5,tan(-1)))	=4004000000000000
(wenn(DECKE,LICHT,1))!=l	=3ff0000000000000
wenn((b)+wenn(GH,GH,3),wenn(atan2(LICHT,1),1e-3,pi),0.5)>=l	=0
wenn(LICHT,0,-1)	=0
cos((1.))	=3feffec097f5af8a
1e3+LICHT	=40ac660000000000
7/b	ETeilung durch 0
max((.5)*wenn(a,0.5,0)-a+90+pi>-1 )atan2(90,l)*max(2.5,2.5,2.5)/-(l))	E„atan2“ unerwartet
wenn(a>=1e-3,atan2(b,pi),DECKE)	=0
sin(rund(pi<DECKE))	=3f91df0b2b89dd1e
(abs(-(90)))<=LICHT	=3ff0000000000000
atan2(0.5/1.<pi,1.==q==90)	E„)“ erwartet
max(pi )1.)	E„1“ unerwartet
wenn(atan2(DECKE,2.5/0.1),min(1.,min(1e3,l,LICHT),LICHT-q),-1)	Eunbekannter Name „q“
1==2^0	=3ff0000000000000
min(abs(LICHT),wenn(360,GH,1),max(l,1e-3)) wenn(45,1.,l)*1e-3	E„wenn“ unerwartet
q>=-atan2(2,45)/(-DECKE)<atan2(cos((.5)),atan(l-0))	E„<“ unerwartet
min(tan(--DECKE))	=3fead9e7783fbf1d
abs(GH)/wurzel(1)	=40a64e0000000000
a>=.5	=3ff0000000000000
a*90	=4070e00000000000
wurzel(3<wurzel(LICHT))	=3ff0000000000000
wenn(45>q^GH!=q!=atan2(GH,1)/auf(3)^(q/GH),LICHT,((7 (GH)<2))	E„)“ erwartet
wenn(auf(LICHT!=7),-45-100,2)	=c062200000000000
(wenn(.5,wenn(ab(q),atan(q),90)>wenn(atan(pi),-q,min(a,100,0)),wenn(atan2(GH,90)*0,q,max(1e-3,l,45,0.1) (GH))))	E„)“ erwartet
atan2(((wenn(a,b,0.5)))==-(2)^0.1,a)	=0
GH ,a	E„,“ unerwartet
q!=b--atan(1e-3)+wenn((b)/100/2,.5,tan(pi) ,1<=DECKE)	Ewenn() mit falscher Anzahl Werte
l<=(rund(0.1))	=0
(-l!=LICHT<1-atan2(-l+.5==DECKE,max(LICHT)))	E„)“ erwartet
atan2(360 )1e-3,max(b,100,b,LICHT))	Eatan2() mit falscher Anzahl Werte
tan(abs(0.5))	=3f81df645e10066f
wenn(rund(7),a,1e3>=0.1)>GH^GH	=0
wenn(DECKE,a,abs(1e3)+0.5)	=4008000000000000
tan(2.5<45)	=3f91dfbd9410a422
wenn(atan(DECKE),atan2(360,q*tan(0.5)),atan2(1^l/0.1 ,a,wenn(DECKE,b,-1)*a>=90))	Eatan2() mit falscher Anzahl Werte
wenn(a,b,0)	=0
7/1	=401c000000000000
ab(cos(LICHT) (360 )100)	E„)“ erwartet
(45)+DECKE/-1	=c065e00000000000
min(tan(atan2(b,GH)),wenn(1<LICHT,auf(LICHT),1e3^DECKE))<-min(2,l==b,1e3,(a))/1e-3<=(min(0))	E„<=“ unerwartet
wurzel(-atan2(pi-b,b)) (LICHT^min(l,45,q)>-1>wenn(-a,-360^a,2)	E„(“ unerwartet
wenn(GH,1e3,1.)<=0<=2.5	E„<=“ unerwartet
(wenn(wenn(l,-1,a),7^LICHT,(0.5)))<(atan((90)))	=0
-(wenn((a),max(-1!=LICHT,GH>=a,360),wenn((DECKE),-LICHT,1>=1e3)))	=c076800000000000
rund(min(DECKE (0/1e3^1,0)==cos(min(-a,a)))	Eunbekannte Funktion „DECKE“
b!=b	=0
max(90,1e3)	=408f400000000000
(-1e-3)!=abs((ab(1>90)))	=3ff0000000000000
atan2(a,LICHT)	=3fb0b3115dc8df28
3>=pi+3	=0
a*DECKE	=4084a00000000000
(360)<=DECKE<=7	E„<=“ unerwartet
atan2(l<.5,q+2.5)>abs(90 -1)-1.	Eunbekannter Name „q“
min(l,100,a)	=4008000000000000
min(LICHT)^.5>=max(0.1,DECKE)<(b)/LICHT!=ab(0)>DECKE	E„<“ unerwartet
max(0.1,0.5,GH,2.5)	=40a64e0000000000
-0.5-100-90>atan(360)	=0
l!=q	Eunbekannter Name „q“
-(GH)<=100^1.	=3ff0000000000000
min(45,pi,a)	=4008000000000000
atan(tan(3/l))	=3f50624dd2f1a9fc
--45*-b*atan2(0.1,LICHT)-(1)	=bff0000000000000
a!=LICHT/a!=q<sin((a))	E„!=“ unerwartet
(pi) (2.5	E„(“ unerwartet
-(atan2(100,q))<=abs(GH)<=100	E„<=“ unerwartet
cos(a!=DECKE)!=l<max(LICHT,DECKE,l,-1)	E„<“ unerwartet
q/b/DECKE	Eunbekannter Name „q“
(-0.1*pi)	=bfd41b2f769cf0e0
min(max(0),cos(100))	=bfc63a1a7e0b7388
max(pi)	=400921fb54442d18
q<7	Eunbekannter Name „q“
(LICHT)*rund(atan2(-1e3,LICHT))	=c0eb04e000000000
LICHT<atan2(atan2(b,pi),90)	=0
LICHT/DECKE	=4027f45d1745d174
wenn(b,.5,2.5)	=4004000000000000
wenn(-a==-1,wenn(GH,b,b)>l 1,(1e3))	E„)“ erwartet
1!=DECKE	=3ff0000000000000
max(q)	Eunbekannter Name „q“
sin(a--cos(q))	Eunbekannter Name „q“
wenn(-GH!=7==q!=3,b ,wenn(pi,pi^pi,wenn(2,7,0.1))<=wenn(q,DECKE,a)>atan2(1,0.1)+abs(.5),(0^l)/1---LICHT)	E„)“ erwartet
atan2(DECKE,b)	=4056800000000000
wenn(1e-3,a,a)	=4008000000000000
max(1.)	=3ff0000000000000
abs(min(-a^LICHT+atan2(b,90)>min(q),atan2(wenn(pi,atan(0),LICHT<GH),(pi)>=abs(-1)),(45)))	Eunbekannter Name „q“
(min(-7,DECKE==2)*l^-0.1)	=c009257ac815982a
DECKE^3^1e-3 (1.^DECKE	E„(“ unerwartet
a/90<=3>=GH	E„>=“ unerwartet
LICHT-pi	=40a48fb7812aeef5
wenn(LICHT>100>GH>=a,max((l==2),(b)^b),GH)	E„)“ erwartet
atan2(pi,LICHT)==0.1/GH	=0
(2.5)-.5	=4000000000000000
wenn(90,sin(100),a)>=abs(wurzel(DECKE))-a<=7<atan2(atan2(DECKE,0.1)==DECKE<=2.5>wenn(1.==l,max(0.1,-1),0*0.5),90)	E„<=“ unerwartet
wenn(2,wenn(2.5+b,pi,pi<=q),wurzel(-0))	Eunbekannter Name „q“
-1e3^max(1e3)	EErgebnis ist keine Zahl
wenn((1e3>=l*1.),min(cos(q+-1),rund(GH)>-DECKE,90>l>max(a),wenn(-DECKE,(90),b*7)),(cos(min(0.1,1e-3,q))))	E„)“ erwartet
b<pi	=3ff0000000000000
((-1))	=bff0000000000000
atan2(b/sin(0.5),LICHT)<=atan(2+.5)-cos(0.1)	=3ff0000000000000
wenn(max(b+b,7),1e3,atan2(b>=1,100))	=408f400000000000
1==a==GH	E„==“ unerwartet
((100 )LICHT^0)>360-0.5-max(l,0.1,360)+1)	E„)“ erwartet
abs(100)<3<90	E„<“ unerwartet
ab(0.1)	=0
(2.5<=100) )atan2(q,pi)<=0.1/90	E„)“ unerwartet
wenn(cos(l),pi/0.5,1.*-1)	=401921fb54442d18
tan(3/7) ,GH	E„,“ unerwartet
abs(max((360>q*90*l),((0.5))-ab(3),max(-1>=0.1,DECKE,(b)) )-pi,rund((tan(0.1)))))	Eabs() mit falscher Anzahl Werte
cos(pi>45==0.1)	E„)“ erwartet
360 ,1.	E„,“ unerwartet
max(rund(wenn(q,7,LICHT)),(l>1e-3),b)	Eunbekannter Name „q“
(45)==rund(DECKE)==(0/-0)	E„==“ unerwartet
pi<LICHT	=3ff0000000000000
wenn(l,((0.1/0/3-45)),LICHT)	ETeilung durch 0
-pi==atan2(-wenn(GH,0.1,0.5),100>=q)	Eunbekannter Name „q“
45 (0>=1.+360>DECKE<q<2>1.-pi	E„(“ unerwartet
max(--a,ab(b*a))	=4008000000000000
l/(7)<1	=0
wenn(q,q,1.)	Eunbekannter Name „q“
2<0	=0
(0/q)!=b+pi	Eunbekannter Name „q“
(100)+LICHT>=45	=3ff0000000000000
DECKE ,0.5!=0	E„,“ unerwartet
(abs(wurzel(2.5)<wenn(1e-3,LICHT,q)/min(1,a)))	Eunbekannter Name „q“
min(cos(1.))	=3feffec097f5af8a
min(-(q))	Eunbekannter Name „q“
(1e-3<100^-l*DECKE+7)	=3ff0000000000000
atan2(pi,abs(GH*q))	Eunbekannter Name „q“
atan(rund(pi)==cos(b))*max((DECKE<=LICHT),100<=l*abs(90))	=0
sin(0)+0<q+abs(b)	Eunbekannter Name „q“
.5>max(-1e-3,(l),-1!=q,GH) )wenn(0.1,pi-pi,a)	E„)“ unerwartet
min(rund(0>=ab(l)),max(atan((l)^sin(l))),a,atan2(q!=min(pi,0,45,.5)>wenn(q,GH,l),(-1)*-q+-atan2(LICHT,1e3)))	E„)“ erwartet
DECKE-1.	=406b600000000000
0<DECKE^1e3	=3ff0000000000000
atan2(-(45) -q,.5)	Eunbekannter Name „q“
-(b )pi)	E„pi“ unerwartet
90<=wurzel(1.)<=q	E„<=“ unerwartet
wenn(3,LICHT^q,pi==0)	Eunbekannter Name „q“
l<=(1e-3)	=0
(45^100)/(GH)<-a/wenn(-q,360,a+7)	Eunbekannter Name „q“
max(ab(90),7 .5)	E„)“ erwartet
LICHT>=LICHT	=3ff0000000000000
wenn(q,2,1.)+7*(min(pi,pi,0.5))^atan((-1))>100*LICHT!=2>=b*1e3!=1.>=q+wenn(7,l,1e-3)	E„!=“ unerwartet
b<0.1>l+100	E„>“ unerwartet
(wurzel(100 ,LICHT)<DECKE)	Ewurzel() mit falscher Anzahl Werte
wenn(2.5,wurzel(-a),-a/(pi)--45 )-1)	E„)“ unerwartet
atan2(wenn(b,l,0.5),-2.5)	=40651615087e03ad
DECKE/l<l^0.5/pi	=3ff0000000000000
auf(atan2(7,DECKE))	=4000000000000000
(-GH/(atan(q+l)))	Eunbekannter Name „q“
wurzel(q<q>=(7))	E„)“ erwartet
(-tan(atan2(pi==90,1e3!=0)))	=8000000000000000
(auf(DECKE))>=0.1 )1e-3/l<=b	E„)“ unerwartet
min(LICHT)	=40a4960000000000
(LICHT*a<=DECKE<1^atan(cos(0.5))^DECKE)	E„)“ erwartet
(100)^1<=rund(b>2)>pi	E„>“ unerwartet
3-sin(a)	=400794d0e2dc40dc
2.5<=a>=2.5>=(0.1)	E„>=“ unerwartet
-wenn(0,a>q*-a,(wenn(45,a,360)))+-a!=7==a==l+1.!=pi	E„==“ unerwartet
0*(-1 (LICHT==sin(2.5)/atan2(GH (7,-360))	E„)“ erwartet
(max(2<GH,wenn(q,l,q),1-q,2.5))	Eunbekannter Name „q“
atan(1.)	=4046800000000000
atan2(-wenn(b,(360),max(LICHT,1e3,a,q)),wenn(-ab(pi),GH,90 )360-DECKE))	E„)“ erwartet
.5<LICHT*1/LICHT	=3ff0000000000000
wenn(atan2(1.,0.5),7,atan(pi))	=401c000000000000
wenn(wenn(360,7,LICHT),2.5,ab(360))	=4004000000000000
DECKE<pi	=0
360>360	=0
min(pi,1e3,rund(a),-3)	=c008000000000000
(LICHT)<3 a	E„a“ unerwartet
360>=1.^DECKE>=l	E„>=“ unerwartet
cos(GH)>2	=0
wenn(0!=.5,pi,a==-1)	=400921fb54442d18
atan2(-a,0.5)	=c0542269501d1431
(max(0))	=0
((DECKE>1e3!=LICHT)>0>=-(LICHT))	E„)“ erwartet
wenn(sin(0.1),-1e3<=pi,a)	=3ff0000000000000
atan(GH^LICHT^-wenn(atan2(pi,7),atan(a),1/2))	=4046800000000000
-abs(l)!=wenn(GH,pi,-1) rund(LICHT)+wurzel(-1)	E„rund“ unerwartet
auf(LICHT)	=40a4960000000000
atan2(wenn(1,max(ab(.5)>=wenn(1e-3,0,pi),max((-1)),(1),(wurzel(pi))),0),max(1,min(0.1 q<LICHT,l>=(b),abs(cos(2.5)),DECKE),2.5==(1e3!=3),(0)))	E„)“ erwartet
-wenn(GH,DECKE,atan(b))	=c06b800000000000
l>DECKE	=3ff0000000000000
min(0.1,b,3)	=0
q (wurzel(q)	Eunbekannte Funktion „q“
-abs(.5>tan(-1))	=bff0000000000000
wenn(a+GH,-atan2(l,0.5),wenn(1 )DECKE,1e-3,(pi)))!=(b)	Ewenn() mit falscher Anzahl Werte
wenn(LICHT>-q+3>=max(max(360)),max(--a==45>2.5 (ab(q),(-100)<atan2(q,min(pi,0.5)),wenn(-pi+360,abs(max(3,7,0,7)),-GH),(-.5)!=atan2(a>l,LICHT/l)),(sin(-1)) (pi>=3)	E„)“ erwartet
-0.5*auf(90*100<.5)	=8000000000000000
b )b	E„)“ unerwartet
auf(-(2.5) 3-45-min((pi),1e-3<l,360/LICHT,2.5))	E„)“ erwartet
atan2(min((0.1)),a-45)	=40667ba27629ba01
max(1e-3^GH,-pi,0.5!=-1)	=3ff0000000000000
atan2(.5,DECKE)>l	=0
-(0.1<=(2.5))	=bff0000000000000
(l)>0.5*LICHT/(a)!=2	E„!=“ unerwartet
wurzel(7>l)	=0
0.1>100 wenn(b,b,3)	E„wenn“ unerwartet
max(wenn(GH,LICHT,1.)>q-2)	Eunbekannter Name „q“
(atan2(b,.5))	=0
GH>=-wenn(wurzel(DECKE),pi,a-45)	=3ff0000000000000
100<0.5	=0
sin((GH/90!=-2))	=3f91df0b2b89dd1e
wenn(1.+l/a^a,wenn(q^0,-3,atan(1)),-(90))	Eunbekannter Name „q“
atan2(b,a)	=0
auf(DECKE)==(((1.)))	=0
wenn(360,DECKE,360)	=406b800000000000
max(b/q,max(GH))	Eunbekannter Name „q“
ab(100)	=4059000000000000
wenn((wenn(GH/a,360,7)),wenn((b),-3,q)/-LICHT+pi,1.)	Eunbekannter Name „q“
wenn(cos((wurzel(3))),1,wenn(q,sin(1e3-(b)),wenn(2.5>=0.1,1!=DECKE,min(pi))<=max(min(a,1))))	Eunbekannter Name „q“
q (90/(2.5)	Eunbekannte Funktion „q“
(wenn(LICHT==-2,DECKE<=2.5^360>=b,b))	E„)“ erwartet
(LICHT==(b))>=wenn((max(q)),1e3<90+1e3,l)	Eunbekannter Name „q“
0+pi	=400921fb54442d18
atan2(LICHT+q*7*tan(1e-3/100),cos((DECKE*90)))	Eunbekannter Name „q“
a>=100	=0
0.5<=100*(atan(2>l))*(wenn(360,b,pi)-b<=q)	Eunbekannter Name „q“
3==min(2.5,wurzel(0.5*1.),max(l==360,2+GH,pi<a,auf(b)))	=0
min(LICHT)+LICHT (GH	Eunbekannte Funktion „LICHT“
-LICHT*360!=min(wenn(LICHT,pi,pi))	=3ff0000000000000
max(wenn(0.5,LICHT,100),LICHT-pi,-1-pi)	=40a4960000000000
0 ,l	E„,“ unerwartet
min(atan2(pi,1))	=405215f733060feb
max(2.5,0.1,7)	=401c000000000000
abs(((a)))	=4008000000000000
LICHT*1e3<45!=DECKE sin(360)+LICHT	E„!=“ unerwartet
atan2(--1e3*90>1e-3+wenn(abs(1.),wenn(1e-3,GH,a),LICHT<l),-max((-2.5),max((0.5))))	=405d2429cc698771
pi!=0.1>wurzel(ab(1) ,(1e3))	E„>“ unerwartet
tan(1)!=--1e3==wenn(a,1.,b)<=(100)<=1e3<l>=DECKE	E„==“ unerwartet
1.*GH	=40a64e0000000000
max(wenn(q,0,GH))<1*LICHT<=-1+0.5	E„<=“ unerwartet
(0)==1. -max((GH),-q,(b))	Eunbekannter Name „q“
--LICHT	=40a4960000000000
atan2(min(1,l>=0.5,min(100,GH,90,45),7),b)	=4056800000000000
atan2(1e-3,0.1)	=3fe2558389253a99
DECKE==l/a+0.5	=0
wenn(a^2,atan2(-1,0),DECKE!=100)!=LICHT	=3ff0000000000000
a<=DECKE	=3ff0000000000000
-a )360/2	E„)“ unerwartet
(3/LICHT)	=3f52a74c75c012a7
wenn(b,DECKE>pi/0.5 ,atan2(pi,b)-max(l,LICHT,b,-1),-wenn(LICHT,.5,7) a)	E„)“ erwartet
90/atan((rund(0.5)+ab(pi)))	=3ff2f4d72ffc2e8e
sin(a)/1e-3	=404a2b009d3a2a58
(0.5)/GH==45	=0
0.1<2	=3ff0000000000000
max(1)	=3ff0000000000000
max(atan(.5^DECKE))+wenn(tan(7) 0.5!=GH,90,-pi>=1e3)	E„)“ erwartet
wurzel(45)-(.5)	=4018d5336963eefc
-1+DECKE	=406b600000000000
b+pi==(GH)!=abs((100))-(1+3-1<=1e3)-1e3	E„!=“ unerwartet
90-pi	=4055b6f0255dde97
rund(45)	=4046800000000000
atan2(atan2(rund(DECKE),GH),sin(-45))	=4058c7786ae2f628
(.5+DECKE+100/0)	ETeilung durch 0
LICHT*(a)+a+b-atan2(45,b)	=40be8a0000000000
rund(l)!=(GH)	=3ff0000000000000
ab(q)*360!=pi<GH ,45	E„<“ unerwartet
DECKE<DECKE/3	=0
cos(wenn(pi )-2.5==a,ab(wenn(LICHT>=7,LICHT,2.5 45)),pi))	Ewenn() mit falscher Anzahl Werte
LICHT>=(-pi)	=3ff0000000000000
wenn(0.5<=DECKE,0,45>=GH)	=0
max(q,100)	Eunbekannter Name „q“
1.<=ab(LICHT)<(LICHT<1e-3)	E„<“ unerwartet
LICHT!=-(3)!=q<=DECKE	E„!=“ unerwartet
(0^DECKE/GH!=3<=0*b ,2.5)*wenn(wenn(pi,a,a),-1*DECKE,a)==wenn(LICHT,90,a)+DECKE-1.<=(2.5)	E„)“ erwartet
atan2((-pi-1.)<max(LICHT,a<=1/atan2(q,90),(45 pi),7),rund(3!=0.1*-1.+wenn((1.),(pi),0.1!=1e-3)))	E„)“ erwartet
(min(sin(3/GH (wenn(b,3,GH)),-atan2(2.5,LICHT)))	Eunbekannte Funktion „GH“
1.<LICHT	=3ff0000000000000
((LICHT) wurzel(DECKE)<=-l/2>=pi)	E„)“ erwartet
atan2(sin(atan2(.5-.5,wenn(DECKE,2,q))*a (a>=1),(l)+2)	Eunbekannte Funktion „a“
7*0>=0.5	=0
(LICHT)>=(q)	Eunbekannter Name „q“
3+0>q<l	E„<“ unerwartet
tan(GH!=pi)	=3f91dfbd9410a422
wurzel(l/2.5)^min(1e-3)/2.5*b	=0
(a) l	E„l“ unerwartet
3*(l)/atan(2)	=4061bc1584f55787
ab(GH==pi<7*q)	E„)“ erwartet
atan2(1.,1e3)<=atan2(GH,3)	=3ff0000000000000
(GH) (3==90	E„(“ unerwartet
wenn((-GH),min(2.5,360,.5)<wenn(pi,pi,GH),min(max(45,0.5),360,(a),(a)))	=3ff0000000000000
wenn(0==b,auf(b),(q))	Eunbekannter Name „q“
sin(wenn(DECKE,LICHT,45))	=3fed0079302dd770
atan2(1e3,pi)==0.5	=0
atan2(a,0)	=4056800000000000
min(DECKE,1e3 ,1,(.5),7>1.)>wenn(7>=l,45,0.5 pi)/360>=pi	E„)“ erwartet
-90!=pi<cos(100)>=-0.5	E„<“ unerwartet
(-l) ,min(abs(LICHT),GH-l,b<.5)	E„,“ unerwartet
-1e3==wenn(.5,1.,0)	=0
wenn(min(b,0)>=a>=a,0.1>=pi<=100,-90<=LICHT)	E„)“ erwartet
l<=0==LICHT-7<a	E„==“ unerwartet
(wenn(1e-3,100^.5,cos(LICHT)==cos(100) ,(100)<LICHT -1))	Ewenn() mit falscher Anzahl Werte
atan2(sin(atan(wenn(wenn(100,45,b),1e-3!=1e3,100))),2.5)	=402f961a40e4fc80
-GH-LICHT<=2+0.1/100*-1==-GH*1.	E„==“ unerwartet
q )2	E„)“ unerwartet
max(pi,wenn(360,GH,l))	=40a64e0000000000
--360!=LICHT/2>=1e3	E„>=“ unerwartet
sin((3)<(2))/0.1	=0
-a>=max(pi,360,7,0.5) )-atan(3)	E„)“ unerwartet
rund(2)!=1e3+DECKE	=3ff0000000000000
1. )wenn(wenn(a,45<=DECKE,0.1<=.5)^0.1,min(pi!=LICHT,GH)>=1,100 abs(7>=2))	E„)“ unerwartet
abs((l))*pi	=40c268639437ef07
wenn(tan(LICHT),100^1e3,l)>45+min(a)*3	=3ff0000000000000
-45*GH>7	=0
-(1e-3)!=1>=0.1	E„>=“ unerwartet
atan2(wenn(LICHT,b,1e3),2.5>a)	=0
b+DECKE<q	Eunbekannter Name „q“
(1e3)!=auf(l)	=3ff0000000000000
360^a-pi	=41863f4fe6de04ac
wenn(GH/pi,0.5,(1e3))	=3fe0000000000000
wenn(3,GH,1e3 )90)	E„90“ unerwartet
q-GH<abs(100)	Eunbekannter Name „q“
(max(-1,max(a,LICHT,GH),GH/360,b+2.5))!=b	=3ff0000000000000
wenn(wenn(a,.5-LICHT==0,max(90,.5<=a,atan2(3,1e3),a)),min(-DECKE,7^1e-3) ,ab(3),1e3 DECKE>7)==(max(atan2(DECKE,0.5+-1)))	E„)“ erwartet
abs(tan(3<=l))	=3f91dfbd9410a422
(DECKE>=GH*LICHT*GH)	=0
wenn(atan2(q,a)==max(GH,(LICHT))<=l==100<90,1e-3>=--wenn(0.5,0.1,2.5),GH)	E„)“ erwartet
-(l)<--l/2.5<=GH+100	E„<=“ unerwartet
tan(2.5)>=(tan(auf(q>=a)))	Eunbekannter Name „q“
auf(0.1 (7<=min(1e-3,b,-1,LICHT)^7)	E„)“ erwartet
atan2(-0.1,a>DECKE)>0	=0
atan2(2.5,0.5)	=4053ac2a10fc0759
sin(2^a)!=atan2(l!=1e3,.5 1.)	E„)“ erwartet
0.5!=(pi)<=DECKE	E„<=“ unerwartet
max(atan2(100^1+0,-l/q-GH),360)	Eunbekannter Name „q“
2<1e3	=3ff0000000000000
min(max(sin(wenn(pi,0.1,1.))*min(q)))	Eunbekannter Name „q“
(atan2(l,90))^100	=68552c4badd5a7f8
DECKE^min(3>=l-1e-3>.5==b==atan2(1e-3,45),-auf(GH) ((GH),--b)	E„)“ erwartet
90/3	=403e000000000000
(min(0.1,-b*DECKE>1e-3+0.5,pi,rund((atan2(1,1)))))	=0
wenn(-(DECKE),atan2(0.1>=1e3,7>=q),1^-1-45)	Eunbekannter Name „q“
pi-l>=l*-1	=3ff0000000000000
wenn(-l>=GH,-2.5*LICHT,DECKE<45)	=0
atan2(atan2(wenn(.5,1e3,LICHT),min(b))>=90+-.5,cos((1))>cos(0)!=DECKE)-(0.1)!=45	E„)“ erwartet
-1-100	=c059400000000000
tan(atan(0.5))	=3fe0000000000000
-b l>q	E„l“ unerwartet
cos(LICHT<=pi!=auf(1e3))	E„)“ erwartet
min((-1)<(1e-3)+atan2(q<=pi,l/0.1)*l)	Eunbekannter Name „q“
wenn((0 (GH)!=-0.1!=2.5,LICHT^LICHT<=l>1+(2/3),max((LICHT-LICHT),(wurzel(7)),1/1>2.5))	E„)“ erwartet
LICHT (rund(cos(90))<45>GH!=LICHT	Eunbekannte Funktion „LICHT“
-1>-DECKE*GH/(1)*q	Eunbekannter Name „q“
-1e-3-(1.)>b	=0
q==GH>=pi+q-l>tan(90)	E„>=“ unerwartet
max(wenn(b,(1),0.1^LICHT),-q)>atan2(atan2(-1,a),wenn(360,DECKE,a))/((l))	Eunbekannter Name „q“
1.!=pi	=3ff0000000000000
atan2(min(sin(-45)),rund(wenn(LICHT,q,100)<.5))	Eunbekannter Name „q“
abs(wenn(-DECKE,(0.5),pi-3))*-atan2(-b,(1e3))>=cos(atan2(360,1e-3)>=1e3)<max(max(90,DECKE-LICHT,1e3<=pi,(360)))	E„<“ unerwartet
tan(l)/tan(0.1!=l)	=c058cea9f9008dae
1e-3==pi	=0
atan(l>=90)	=4046800000000000
360 (7<=cos(pi)<-1	E„(“ unerwartet
cos(pi)+1e-3<=b-tan(b)	=0
max(1e3,1,1e-3)	=408f400000000000
wenn(wenn(-7,(2.5),a),-1e3<GH!=GH,2.5)^1	E„)“ erwartet
2.5==2	=0
-(((GH)))	=c0a64e0000000000
abs(1e-3)	=3f50624dd2f1a9fc
wenn(1e-3,-1.,b)+q*a/l	Eunbekannter Name „q“
atan(atan2(LICHT,abs(LICHT)))	=40562e86ad1841ef
l>=q	Eunbekannter Name „q“
2>=0	=3ff0000000000000
0==(l)	=0
(--GH 2==(a))	E„)“ erwartet
(7!=a)	=3ff0000000000000
-(45>=-2)-DECKE<a<l^(pi)>=1e3<=l+GH==atan(90)<=.5!=q	E„<“ unerwartet
abs(LICHT+-90)	=40a3e20000000000
GH>a--a	=3ff0000000000000
2*pi	=401921fb54442d18
wenn(LICHT,pi )-1+45,tan(0.1!=max(q,0.1,l)))	Ewenn() mit falscher Anzahl Werte
GH>-1-3-360/q>=q^DECKE	E„>=“ unerwartet
2==l	=0
ab(0.5*LICHT>rund(GH))	=0
sin((1.)==-1^-360)>=(wenn((pi),wenn(DECKE,7,a),-45)!=b)	=0
GH==GH	=3ff0000000000000
b<45!=1.+3	E„!=“ unerwartet
atan((cos(0))-sin(0))	=4046800000000000
wenn(LICHT,wenn(DECKE,pi,max(360^DECKE*0.1/1)),(a))	=400921fb54442d18
max(wenn(1.,45,LICHT),DECKE<=a,atan2(7,.5))^l	EErgebnis ist keine Zahl
-cos(LICHT) (wurzel(min(b) ,-LICHT)	E„(“ unerwartet
auf(7)<-a	=0
(DECKE+GH)<(3/q)	Eunbekannter Name „q“
atan2(b,1e-3>=100>LICHT==LICHT)	E„)“ erwartet
wenn(360,360,7)	=4076800000000000
-a*100!=wenn(LICHT,l,2.5)-abs(b)	=3ff0000000000000
tan(min(7,0.1,a)>=min(DECKE,0.5,GH,1.)<atan2(360+2,wenn(2.5,1.,2.5)))	E„)“ erwartet
LICHT (-1--45	Eunbekannte Funktion „LICHT“
l==atan2(0.1,(1e-3))	=0
(3)>(0.1)	=3ff0000000000000
max(LICHT>=1 )wenn(LICHT,b,q))	E„wenn“ unerwartet
((-1. -0))	=bff0000000000000
ab(a+a)^DECKE	=6379d807cb6dadd6
atan2(0.5,l)	=3f838e94e13d1628
wenn(min(atan2(a,GH),(2.5),abs(LICHT),1.<360),max(LICHT,l,l)>=GH,0)	=3ff0000000000000
45>=360!=l	E„!=“ unerwartet
1.+360	=4076900000000000
ab(tan(GH))	=bff0000000000000
pi<45-DECKE 100!=auf(0.1)+atan2(max(l,a*b),l)	E„100“ unerwartet
-wenn(LICHT,7,1e3)>=0	=0
wenn(1.+GH,1e-3,ab(2.5>pi<GH==DECKE))	E„)“ erwartet
a<0!=(DECKE) (100 )90+2.5>=a==wenn(min(0,-1,DECKE),.5,a ,GH)	E„!=“ unerwartet
wenn(b<=q,2.5,100-pi)	Eunbekannter Name „q“
(atan2(q^1. )b^GH,q) )100/-0.1<=q<90*b<q)	Eatan2() mit falscher Anzahl Werte
2!=1.	=3ff0000000000000
atan(pi)==a	=0
.5<ab(pi)	=3ff0000000000000
360 ,wenn(atan2(0.5,0),2,max(a,1e3))==2	E„,“ unerwartet
-GH+-l	=c0b6df0000000000
min((b),atan(0.5))	=0
-1<1e3>=b	E„>=“ unerwartet
min(wenn(-45,-1,min(360,90,90,l)))	=bff0000000000000
auf(min((b)^1e3==LICHT,atan2(GH!=0.5,max(1e3)))>=-360==DECKE>q)	E„)“ erwartet
7==(-LICHT)<wenn(0.1,1<=1<=b-1e3^ab(100)>=1e3,0)	E„<“ unerwartet
atan(atan2(atan2(0.5,-1),atan2(l,-1))>7-7 )pi+q<=q>=100/.5)	E„pi“ unerwartet
-.5 ,(-1)	E„,“ unerwartet
100/1	=4059000000000000
tan(q)/7	Eunbekannter Name „q“
wenn(LICHT,45,2.5)>=GH==DECKE	E„==“ unerwartet
tan(sin(DECKE))	=bf86fa1bad64d4ef
2.5<-1!=q	E„!=“ unerwartet
ab(b^l)	=0
wenn(b,pi,DECKE)	=406b800000000000
(auf(360))	=4076800000000000
LICHT>(-1)	=3ff0000000000000
wenn(0,-0.5/GH,atan2(3,wenn(l,q,pi)))	Eunbekannter Name „q“
wenn(LICHT+GH>=2.5+3,.5,l-1e3<=1.^2)	=3fe0000000000000
.5+min(0.5,LICHT,pi)+(0)	=3ff0000000000000
0.5*(360==b)+atan2((LICHT),auf(DECKE))	=40554e8d148ccd48
max(q*atan2(pi,LICHT),-min(7,LICHT,2),sin(DECKE!=DECKE))-atan2(max(DECKE-a),45 (max(2.5,pi,q))	E„)“ erwartet
(wenn(wurzel(wenn(LICHT>1e3,auf(.5),GH^1e3)),pi,-q))	Eunbekannter Name „q“
(atan(wenn(l,l,.5)-ab(l))<=b)	=3ff0000000000000
wenn((1e3)!=a,wenn(LICHT,0,GH)<=a==2,a)	E„)“ erwartet
wenn(GH^min(.5,GH),((GH)),min(tan(q)))*((pi)>DECKE==90)>LICHT<=2.5!=90	E„)“ erwartet
(a)<max(-2.5,LICHT,b,-1)	=3ff0000000000000
tan(LICHT!=b-1e-3*2!=(DECKE^3))	E„)“ erwartet
LICHT (-360	Eunbekannte Funktion „LICHT“
wenn(a,100,pi)/1. )rund(l==1)/(pi+(DECKE))	E„)“ unerwartet
(1. (.5>=l+pi)^-atan2(a,pi)!=min(360,q,0,b)>=atan2(atan2(wenn(DECKE,LICHT,a),GH^2),LICHT!=q)<=sin(pi)>=(b)/1.	E„)“ erwartet
DECKE )LICHT	E„)“ unerwartet
.5!=.5	=0
auf(a/360*7)	=3ff0000000000000
rund((max(360<=0.1<=pi,atan2(a,1e3^b),max(-360,max(1,45,LICHT,DECKE),q-GH),-0.1<b)))	E„)“ erwartet
atan2(1.*b,sin(LICHT))	=0
auf(3-LICHT )cos(1e3) GH*b<=wenn(pi,1e3,DECKE))<GH	E„cos“ unerwartet
-wenn((90-DECKE^q),max(wenn(1,90,a)+GH+2,90+LICHT>=(DECKE),wenn(7 ,a,-q,DECKE),LICHT),-1)	Ewenn() mit falscher Anzahl Werte
atan2((DECKE^-(q)),wenn(atan2(a,GH)<3,min((45)),wenn(tan(GH),90,l))>auf(1e-3/a))	Eunbekannter Name „q“
max(wenn(-l,atan2(l,a),(7)),(b<LICHT))	=40567c554429b480
0+pi==a )atan2(1.,l)<.5	E„)“ unerwartet
wurzel(3<=LICHT)>(q)	Eunbekannter Name „q“
wenn(7+a,GH,wenn(GH,pi,pi))^abs(auf(2))*pi==(2)!=a/-1	E„!=“ unerwartet
-q (1-DECKE	Eunbekannte Funktion „q“
min(atan2(wenn(wurzel(b),-b,1==-1)<auf(2.5>a),wenn(2,0==a )(3),1e3!=ab(l))),90,rund(0),GH*LICHT*-sin(1)>wenn(b,l,1e-3))	Ewenn() mit falscher Anzahl Werte
wenn(a,b,DECKE)!=max(a)	=3ff0000000000000
GH/abs(max(-1,45)) )wenn(-7,l!=LICHT,pi)	E„)“ unerwartet
.5/(atan(l)*(GH))	=3ec053af07264f9a
max(l,1)+atan2(1.,l)!=-pi<=(0)	E„<=“ unerwartet
pi*90^min(LICHT,2,1)	=4071abe4b73fefb5
atan2(ab(-1),atan2(GH,2))>LICHT<360/wenn(100,q,0.1)	E„<“ unerwartet
wenn(a,wenn((DECKE)==b>=LICHT,tan(100!=0.5),(360 ,pi)),(GH)==wenn(DECKE 1,sin(b),-1e-3))	E„)“ erwartet
(2.5<360!=a)+a	E„)“ erwartet
GH==DECKE	=0
tan((a-q))	Eunbekannter Name „q“
atan2(1,b)	=4056800000000000
(100)!=min(1e-3)^7/l>=q!=b!=wenn(sin(DECKE),3==-1,wenn(3,pi,2))	E„>=“ unerwartet
(sin(-2)>=2/7>GH)!=pi	E„)“ erwartet
2.5^pi	=4031ca2124fb0fea
wenn(.5<GH*2.5/(GH),0,-360/-(0.5))	=0
atan2(2.5>b,q>q)!=(a>LICHT)==1*GH*0.5<-1.	E„==“ unerwartet
(wenn(1.,DECKE,90)*0<=0.1 (1.+45)	E„)“ erwartet
q==a	Eunbekannter Name „q“
(q>=2)>ab(max(l,l,pi,LICHT))	Eunbekannter Name „q“
wenn(atan2(DECKE-DECKE>1e-3>=(DECKE),pi),min(wenn(a,7,0.1)>0.1--pi/-1,(wenn(LICHT,tan(1e-3),min(pi,0.1)))),wurzel(wenn(min(90,atan2(l,100),-90),wenn(wenn(360,LICHT,GH),90<b,pi^100),(0))))	E„)“ erwartet
min(b!=0.1) 360	E„360“ unerwartet
wenn(tan(a),7==a<rund(LICHT)<-1e-3 (pi*2.5,atan2(b )DECKE^(1),(ab(45))))	E„)“ erwartet
3*7>=(7)	=3ff0000000000000
-100!=100	=3ff0000000000000
DECKE>=45<=2.5<90	E„<=“ unerwartet
cos(.5>q)^(wenn(1e3,l,2))	Eunbekannter Name „q“
atan2((min(ab(360>.5),.5)),1e3)	=3f9d55df2d66afd2
l<l+(100)	=3ff0000000000000
(1e3)>=(a)	=3ff0000000000000
max(pi,45)	=4046800000000000
atan2((-.5),(wenn(90,q,1.)))	Eunbekannter Name „q“
wenn(0.5>=-wenn(-1,q,GH),(wenn(0.5,90,3))^-l,LICHT>=abs(pi))	Eunbekannter Name „q“
pi<=90/l 1	E„1“ unerwartet
max(45,7!=l,wenn(90,1e3,2))	=408f400000000000
max(100,(DECKE+-1),a,l)	=40a7700000000000
sin(wenn(-wenn(b,2.5,7)<GH,(a),-(0)))	=3faacbc748efc90e
wurzel(atan2(cos(b LICHT*b),90))	E„)“ erwartet
a>=(a/2.5)!=(DECKE)^-pi==sin(2.5^LICHT)	E„!=“ unerwartet
ab(0!=90)==b-100<0.5	E„<“ unerwartet
-90^1	=c056800000000000
-(GH)	=c0a64e0000000000
wenn(wenn(LICHT,0.1,wenn(3,90,360)),(pi),q*LICHT<=7)	Eunbekannter Name „q“
wenn(wurzel(DECKE),(360),wenn(q,1e3,.5))>=max(0,3)==atan(2)	E„==“ unerwartet
atan2(-GH,LICHT>=l)	=c056800000000000
100!=(wurzel(wenn(l,.5,3)))	=3ff0000000000000
abs((cos(3)))	=3feff4c5ed12e61d
rund(0.49999999999999994)	=0
rund(4503599627370497)	=4330000000000001
rund(-0.49999999999999994)	=8000000000000000
rund(2.5000000000000004)	=4008000000000000
max(0-0,0)	=0
min(wurzel(-1),1)	EErgebnis ist keine Zahl
max(1,wurzel(-1))	EErgebnis ist keine Zahl
1/(0-0)	ETeilung durch 0
wenn(wurzel(-1),1,2)	=3ff0000000000000
wurzel(-1)<1	=0
wurzel(-1)==wurzel(-1)	=0
auf(wurzel(-1))+1	EErgebnis ist keine Zahl
